{
    "Titel": "AnsÃ¤ssigkeitsbescheinigung fÃ¼r juristische Personen",
    "Beschreibung": "Sie benÃ¶tigen eine AnsÃ¤ssigkeitsbescheinigung (Certificate of fiscal residence) fÃ¼r die SteuerbehÃ¶rde im Ausland? Bitte fÃ¼llen Sie dazu dieses Online-Formular aus.Die AnsÃ¤ssigkeitsbescheinigungen fÃ¼r juristische Personen werden nur in englischer Sprache ausgestellt. ",
    "Name": "Nicht vorhanden",
    "Position": "Nicht vorhanden",
    "Amt": "Wenden Sie sich an das fÃ¼r Sie zustÃ¤ndige Gemeindesteueramt:",
    "Addresse": "",
    "Telefonnummer": "+41 58 229 41 31",
    "Email": "ksta.jurp@sg.ch"
}