{
    "Titel": "TÃ¤tigkeitsberichte",
    "Beschreibung": "Die Fachstelle fÃ¼r Datenschutz muss dem Kantonsrat jÃ¤hrlich Bericht Ã¼ber ihre TÃ¤tigkeit erstatten, der vom Bericht Kenntnis nimmt. Nachfolgend finden Sie die jÃ¤hrlichen TÃ¤tigkeitsberichte der Fachstelle fÃ¼r Datenschutz seit dem Jahr 2009.",
    "Name": "Nicht vorhanden",
    "Position": "Nicht vorhanden",
    "Amt": "Fachstelle fÃ¼r Datenschutz Kanton St.Gallen",
    "Addresse": "RegierungsgebÃ¤ude, 9001 St. Gallen",
    "Telefonnummer": "+41 58 229 14 14",
    "Email": "Nicht vorhanden"
}