{
    "Titel": "Angebote Wohnen",
    "Beschreibung": "Der Kanton St.Gallen fÃ¶rdert die Gleichstellung von Menschen mit Behinderung auf drei Ebenen: Hilfe zur Selbsthilfe, ZugÃ¤nglichkeit zu Ã¶ffentlichen Grundleistungen und spezialisierte Angebote fÃ¼r Menschen mit Behinderung.",
    "Name": "Nicht vorhanden",
    "Position": "Nicht vorhanden",
    "Amt": "Abteilung Behinderung",
    "Addresse": "Spisergasse 41, 9001 St.Gallen",
    "Telefonnummer": "+41 58 229 33 18",
    "Email": "info.diafso@sg.ch"
}