{
    "Titel": "Berichte",
    "Beschreibung": "Das elektronische BÃ¼chlein Â«Kopf und ZahlÂ» ist das Statistische Jahrbuch des Kantons St.Gallen im Kleinformat. Â«Statistik aktuellÂ» ist die Berichtsreihe der kantonalen Statistik. Sie wird von der Fachstelle fÃ¼r Statistik des Kantons St.Gallen in ihrer Rolle als kantonaler Statistikstelle herausgegeben. Ihre Berichte wie auch diejenigen der weiteren kantonalen Statistikproduzenten erscheinen in der Regel in dieser Reihe. Seit 2001 wurden 102 Berichte publiziert. ",
    "Name": "Nicht vorhanden",
    "Position": "Nicht vorhanden",
    "Amt": "Fachstelle fÃ¼r Statistik Kanton St.Gallen",
    "Addresse": "Davidstrasse 35, ",
    "Telefonnummer": "+41 58 229 77 77",
    "Email": "statistik@sg.ch"
}