{
    "Titel": "Informationen fÃ¼r Organisationen im Bereich Integration",
    "Beschreibung": "Das Konzept fÃ¼r die Refinanzierung von Integrationsmassnahmen fÃ¼r FL/VA im Kanton St.Gallen regelt die Rahmenbedingungen fÃ¼r die Verwendung der Mittel. Damit die Rechenschaftspflicht des Kantons gegenÃ¼ber dem Bund erfÃ¼llt werden kann, sichert das KIG die QualitÃ¤t der Massnahmen, die durch die Integrationspauschale refinanziert werden.",
    "Name": "Nicht vorhanden",
    "Position": "Nicht vorhanden",
    "Amt": "Abteilung Integration und Gleichstellung",
    "Addresse": "Spisergasse 41, 9001 St.Gallen",
    "Telefonnummer": "41 58 229 33 18",
    "Email": "info@ti-sg.ch"
}