{
    "Titel": "Siedlungsentwicklung nach innen / StÃ¤dtebau",
    "Beschreibung": " Das Thema Â«Siedlungsentwicklung nach innenÂ» hat â obwohl nicht neu â mit dem revidierten Raumplanungsgesetz eine viel grÃ¶ssere Bedeutung erhalten. Es ist nun Sache der Kantone und Gemeinden, die neue Gesetzgebung sachgerecht umzusetzen. Dies erfordert ein grosses Engagement aller Beteiligten und eine hohe fachliche Kompetenz.",
    "Name": "Nicht vorhanden",
    "Position": "Nicht vorhanden",
    "Amt": "Ortsplanung",
    "Addresse": "LÃ¤mmlisbrunnenstrasse 54, 9001 St.Gallen",
    "Telefonnummer": "+41 58 229 31 47",
    "Email": "info.budareg@sg.ch"
}