{
    "Titel": "Kindes- und Erwachsenenschutz (KES)",
    "Beschreibung": "Das Amt fÃ¼r Soziales Ã¼bt die administrative Aufsicht Ã¼ber die Kindes- und ErwachsenenschutzbehÃ¶rden (KESB) aus. Beschwerden gegen VerfÃ¼gungen der Kindes- und ErwachsenenschutzbehÃ¶rden beurteilt die Verwaltungsrekurskommission.",
    "Name": "Brigitte WÃ¼st",
    "Position": "Nicht vorhanden",
    "Amt": "Abteilung Familie und Sozialhilfe",
    "Addresse": "Spisergasse 41, 9001 St.Gallen",
    "Telefonnummer": "+41 58 229 33 18",
    "Email": "info.diafso@sg.ch"
}