{
    "Titel": "FluglÃ¤rm",
    "Beschreibung": "Der Flugverkehr hat sich in den letzten Jahrzehnten rasant entwickelt. Entsprechend stieg die LÃ¤rmbelastung insbesondere rund um die FlughÃ¤fen sowie die An- und Abflugschneisen. Im Kanton St.Gallen besteht mit dem Flugfeld St.Gallen-Altenrhein ein Regionalflugplatz. Ausser der Sport- und Schulungsfliegerei werden ab Altenrhein auch LinienflÃ¼ge angeboten. ",
    "Name": "Sektion UVP und Planbeurteilung",
    "Position": "Nicht vorhanden",
    "Amt": "Amt fÃ¼r Umwelt (AFU)",
    "Addresse": "LÃ¤mmlisbrunnenstrasse 54, 9001 St.Gallen",
    "Telefonnummer": "+41 58 229 30 88",
    "Email": "Nicht vorhanden"
}