{
    "Titel": "Unentgeltliche Rechtspflege",
    "Beschreibung": "Eine Prozesspartei darf nicht wegen ihrer BedÃ¼rftigkeit vom Recht ausgeschlossen werden, einen Anspruch von der zustÃ¤ndigen BehÃ¶rde beurteilen zu lassen. DafÃ¼r gibt es die MÃ¶glichkeit der unentgeltlichen Rechtspflege. ",
    "Name": "Nicht vorhanden",
    "Position": "Nicht vorhanden",
    "Amt": "Sicherheits- und Justizdepartement",
    "Addresse": "Oberer Graben 32, 9001 St. Gallen",
    "Telefonnummer": "Nicht vorhanden",
    "Email": "Nicht vorhanden"
}