{
    "Titel": "Offene Wohngruppen (OWG)",
    "Beschreibung": "AngeboteZentrales Angebot der offen gefÃ¼hrten Wohngruppen ist die DurchfÃ¼hrung lÃ¤ngerfristiger Erziehungsmassnahmen fÃ¼r ausschliesslich mÃ¤nnliche Jugendliche und junge Erwachsene, zur AbklÃ¤rung der eingewiesenen Jugendlichen, zur Vorbereitung und DurchfÃ¼hrung einer Massnahme (Schulpflicht erfÃ¼llen, Schulabschluss erreichen, Berufsvorbereitung oder Ausbildung), zur ÃberbrÃ¼ckung oder Versetzung im Alter von 12 bis max. 25 Jahren.  Die OWG gewÃ¤hrleisten eine Betreuung rund um die Uhr fÃ¼r das ganze Jahr. ",
    "Name": "Nicht vorhanden",
    "Position": "Nicht vorhanden",
    "Amt": "Kantonales Jugendheim Platanenhof",
    "Addresse": "Sonnenhofstrasse 10, 9242 Oberuzwil",
    "Telefonnummer": "+41 58 228 17 00",
    "Email": "Nicht vorhanden"
}