{
    "Titel": "WaschplÃ¤tze",
    "Beschreibung": "Nicht fachgerechtes BefÃ¼llen und Reinigen von SpritzgerÃ¤ten fÃ¼hrt zu Belastungen von GewÃ¤ssern. Diese sogenannten PunkteintrÃ¤ge sind gemessen am Gesamteintrag von Pflanzenschutzmitteln in GewÃ¤sser relevant und kÃ¶nnen mit der notwendigen Vorsicht und den technischen Einrichtungen verhindert werden. Deshalb ist jeder Betrieb verpflichtet, bei der BefÃ¼llung und Reinigung seiner PflanzenschutzgerÃ¤te (von RÃ¼ckenspritze bis Selbstfahrer) einen gewÃ¤sserschutzkonformen BefÃ¼ll- und Waschplatz zu nutzen. ",
    "Name": "Richard Hollenstein",
    "Position": "Nicht vorhanden",
    "Amt": "Fachstelle Obstbau",
    "Addresse": "Landwirtschaftliches Zentrum Flawil, Mattenweg 11, 9230 Flawil",
    "Telefonnummer": "+41 58 228 24 76 / +41 79 324 12 08",
    "Email": "Richard.Hollenstein@sg.ch"
}