{
    "Titel": "Bienenhaltung und Lehrbienenstand",
    "Beschreibung": "Die Imkerei im Kanton St. Gallen erfreut sich wachsender Beliebtheit, mit engagierten Imkerinnen und Imkern, die hochwertigen Honig produzieren. Unsere Website bietet spezielle Ressourcen und Informationen zur Bienenhaltung in unserer Region. Wir fÃ¶rdern bewusste Praktiken und den Schutz der Bienen, um die Bedeutung dieser BestÃ¤uber fÃ¼r unsere Umwelt zu erhalten. Entdecken Sie die Welt der Imkerei in St. Gallen!",
    "Name": "Vivienne Oggier",
    "Position": "Nicht vorhanden",
    "Amt": "Fachstelle Bienen",
    "Addresse": "Landwirtschaftliches Zentrum SG, Rheinhofstrasse 11, 9465 Salez",
    "Telefonnummer": "+41 58 228 24 21",
    "Email": "naturinfo@naturmuseumsg.ch"
}