{
    "Titel": "Interessengruppen",
    "Beschreibung": "Bei Interessengruppen handelt es sich um informelle, fraktionsÃ¼bergreifende Gremien, die im GeschÃ¤ftsreglement nicht geregelt sind. In einer Interessengruppe schliessen sich jene Ratsmitglieder zusammen, die einen besonderen Bezug zu einem bestimmten Thema haben. Auch ehemalige Ratsmitglieder kÃ¶nnen in Interessengruppen mitwirken.",
    "Name": "Nicht vorhanden",
    "Position": "Nicht vorhanden",
    "Amt": "Parlamentsdienste",
    "Addresse": "RegierungsgebÃ¤ude, ",
    "Telefonnummer": "Nicht vorhanden",
    "Email": "parlamentsdienste@sg.ch"
}