{
    "Titel": "Informatiker/in EFZ",
    "Beschreibung": "Informatikerinnen und Informatiker EFZ sind Fachleute fÃ¼r Computer. In der Applikationsentwicklung programmieren sie Software fÃ¼r verschiedene Branchen und schulen die Nutzerinnen und Nutzer. In der Plattformentwicklung richten sie Informatiksysteme fÃ¼r Unternehmen ein und beheben technische StÃ¶rungen.  <font size=\"2\"> <a href=\"https://www.berufsberatung.ch/dyn/show/1900?lang=de&idx=30&id=7671\" target=\"blank\">(Quelle: www.berufsberatung.ch)</font></a> ",
    "Name": "Nicht vorhanden",
    "Position": "Nicht vorhanden",
    "Amt": "Berufs-, Studien- und Laufbahnberatung",
    "Addresse": "",
    "Telefonnummer": "Nicht vorhanden",
    "Email": "info.berufsberatung@sg.ch"
}