{
    "Titel": "Massnahmen im Bodenschutz",
    "Beschreibung": "Vorsorge hat beim Bodenschutz oberste PrioritÃ¤t. Denn einmal eingetretene SchÃ¤den beim Boden kÃ¶nnen kaum mehr behoben werden oder nur mit sehr grossem Aufwand rÃ¼ckgÃ¤ngig gemacht werden. Hauptziel der Vorsorge ist, die Bodenfruchtbarkeit und die natÃ¼rliche RegenerationsfÃ¤higkeit des Bodens zu erhalten.",
    "Name": "Nicht vorhanden",
    "Position": "Nicht vorhanden",
    "Amt": "Amt fÃ¼r Umwelt",
    "Addresse": "Boden und Stoffkreislauf, Abteilung Boden und Altlasten, LÃ¤mmlisbrunnenstrasse 54, 9001 St.Gallen",
    "Telefonnummer": "+41 58 229 30 88",
    "Email": "info.budafu@sg.ch"
}