{
    "Titel": "Neu in der Schweiz / Diplomanerkennung",
    "Beschreibung": "Sind Sie neu in der Schweiz und mÃ¶chten hier arbeiten? Haben Sie im Herkunftsland Ihre Berufs- oder Schulbildung mit einem Diplom abgeschlossen und fragen sich, was dieses Diplom in der Schweiz wert ist? Ist der Abschluss anerkannt in der Schweiz?",
    "Name": "Nicht vorhanden",
    "Position": "Nicht vorhanden",
    "Amt": "Berufs-, Studien- und Laufbahnberatung",
    "Addresse": "",
    "Telefonnummer": "Nicht vorhanden",
    "Email": "info.berufsberatung@sg.ch"
}