{
    "Titel": "Widnau / Diepoldsau: BGK Post-/Diepoldsauerstrasse - B21.1.041.027; Mitwirkung vom 13. November bis 13. Dezember 2023",
    "Beschreibung": "Informationen und Unterlagen zur Mitwirkung im Projekt BGK Post-/Diepoldsauerstrasse in den Gemeinden Widnau / Diepoldsau finden Sie auf dieser Seite.",
    "Name": "Nicht vorhanden",
    "Position": "Nicht vorhanden",
    "Amt": "Tiefbauamt",
    "Addresse": "LÃ¤mmlisbrunnenstrasse 54, 9001 St.Gallen",
    "Telefonnummer": "+41 58 229 30 34",
    "Email": "info.budtba@sg.ch"
}