{
    "Titel": "ÃbergangslÃ¶sung Notruf- und Einsatzleitzentrale / Teilprojekt âFrontend-NEZâ",
    "Beschreibung": "Der Kanton St.Gallen plant den Ersatz der heutigen Â«Kantonalen Notrufzentrale (KNZ)Â» im Â«Calatrava-GebÃ¤udeÂ» zwischen Klosterhof und Moosbruggstrasse in St.Gallen. FÃ¼r die ÃbergangslÃ¶sung (ÃL-NEZ) wurde ein geeignetes Mietobjekt im Â«Einkaufszentrum LerchenfeldÂ» in St.Gallen gefunden.",
    "Name": "Nicht vorhanden",
    "Position": "Nicht vorhanden",
    "Amt": "Hochbauamt",
    "Addresse": "LÃ¤mmlisbrunnenstrasse 54, 9001 St.Gallen",
    "Telefonnummer": "+41 58 229 30 17",
    "Email": "info.budhba@sg.ch"
}