{
    "Titel": "Wittenbach: LV-Querung Arbonerstrasse / Hofenstrasse - O9.010.007.0201; Mitwirkung vom 17. Januar bis 17. Februar 2022",
    "Beschreibung": "Informationen und Unterlagen zur Mitwirkung im Projekt LV-Querung Arbonerstrasse/Hofenstrasse in der Gemeinde Wittenbach finden Sie auf dieser Seite.",
    "Name": "Nicht vorhanden",
    "Position": "Nicht vorhanden",
    "Amt": "Tiefbauamt",
    "Addresse": "LÃ¤mmlisbrunnenstrasse 54, 9001 St.Gallen",
    "Telefonnummer": "+41 58 229 30 34",
    "Email": "info.budtba@sg.ch"
}