{
    "Titel": "Bauten und Anlagen im Waldabstand",
    "Beschreibung": "FÃ¼r das Erstellen von Bauten oder Anlagen ist ein minimaler Waldabstand einzuhalten. Die Erhaltung, Pflege und Nutzung des Waldes darf nicht beeintrÃ¤chtigt werden. Aber auch aus Sicht der Bauten ist ein Waldabstand vernÃ¼nftig.",
    "Name": "Nicht vorhanden",
    "Position": "Nicht vorhanden",
    "Amt": "Kantonsforstamt",
    "Addresse": "Davidstrasse 35, 9001 St.Gallen ",
    "Telefonnummer": "+41 58 229 35 02",
    "Email": "info.vdkfa@sg.ch"
}