{
    "Titel": "Nesslau: Betriebs- und Gestaltungskonzept Hauptstrasse Nesslau, Sidwaldstrasse bis LuterenbrÃ¼cke - B60.4.013.439.100; Mitwirkung vom 20. November bis 20. Dezember 2023",
    "Beschreibung": "Informationen und Unterlagen zur Mitwirkung im Projekt Betriebs- und Gestaltungskonzept Hauptstrasse Nesslau, Sidwaldstrasse bis LuterenbrÃ¼cke  in der Gemeinde Nesslau finden Sie auf dieser Seite.",
    "Name": "Nicht vorhanden",
    "Position": "Nicht vorhanden",
    "Amt": "Tiefbauamt",
    "Addresse": "LÃ¤mmlisbrunnenstrasse 54, 9001 St.Gallen",
    "Telefonnummer": "+41 58 229 30 34",
    "Email": "info.budtba@sg.ch"
}