{
    "Titel": "GewÃ¤sser",
    "Beschreibung": "BÃ¤che und FlÃ¼sse sind dynamische und vielfÃ¤ltige LebensrÃ¤ume. 10 Prozent der heimischen Tierarten leben hier. FÃ¼r die BevÃ¶lkerung zÃ¤hlen GewÃ¤sser zu den wichtigsten Elementen einer als attraktiv empfundenen Landschaft. ",
    "Name": "Dominik Thiel",
    "Position": "Dr. sc. nat.",
    "Amt": "Amt fÃ¼r Natur, Jagd und Fischerei",
    "Addresse": "Davidstrasse 35, 9001 St.Gallen",
    "Telefonnummer": "+41 58 229 32 87",
    "Email": "dominik.thiel@sg.ch"
}