{
    "Titel": "Ãbersichtsinventar audiovisuelles Kulturerbe im Kanton St.Gallen",
    "Beschreibung": "Fotos, Filme, Videos und Tonaufnahmen erlauben seit der Mitte des 19. Jahrhunderts einen einzigartigen Einblick in soziale, politische, wirtschaftliche und kulturelle Gegebenheiten. Sie sind als besondere Quellengattung oft Â«eingÃ¤nglicherÂ» als schriftliche Dokumente und bilden eine spezifische Kategorie von Zeitzeugnissen.",
    "Name": "Nicht vorhanden",
    "Position": "Nicht vorhanden",
    "Amt": "Staatsarchiv Kanton St.Gallen",
    "Addresse": "RegierungsgebÃ¤ude, Klosterhof 1 , 9001 St.Gallen",
    "Telefonnummer": "+41 (0) 58 229 32 05",
    "Email": "regula.zuercher@sg.ch"
}