{
    "Titel": "Vollzug der Vorschriften Ã¼ber die Verwendung von DÃ¼nger und BodenzusÃ¤tzen",
    "Beschreibung": "Die politische Gemeinde vollzieht die Vorschriften in den AnhÃ¤ngen zur eidgenÃ¶ssischen Chemikalien-Risikoreduktions-Verordnung Ã¼ber die Verwendung von DÃ¼nger, DÃ¼nger- und BodenzusÃ¤tzen. ",
    "Name": "Nicht vorhanden",
    "Position": "Nicht vorhanden",
    "Amt": "Amt fÃ¼r Umwelt AFU",
    "Addresse": "LÃ¤mmlisbrunnenstrasse 54, 9001 St.Gallen",
    "Telefonnummer": "+41 58 229 30 88",
    "Email": "info.budafu@sg.ch"
}