{
    "Titel": "Ablagerung von AbfÃ¤llen",
    "Beschreibung": "AbfÃ¤lle dÃ¼rfen nur auf bewilligten Deponien abgelagert werden. Deponien werden aufgrund eines Deponieplans, welcher grundsÃ¤tzlich in die ZustÃ¤ndigkeit der politischen Gemeinden fÃ¤llt, bewilligt. ",
    "Name": "Nicht vorhanden",
    "Position": "Nicht vorhanden",
    "Amt": "Amt fÃ¼r Umwelt AFU",
    "Addresse": "LÃ¤mmlisbrunnenstrasse 54, ",
    "Telefonnummer": "+41 58 229 30 88",
    "Email": "info.budafu@sg.ch"
}