{
    "Titel": "2019",
    "Beschreibung": "Der 30. Juni 2019 ist ein ausserordentlicher  Abstimmungstermin; es wird Ã¼ber zwei kantonale Vorlagen abgestimmt. In den Gerichtskreisen See-Gaster und Werdenberg-Sarganserland stehen Ersatzwahlen fÃ¼r eine nebenamtliche Richterin oder einen nebenamtlichen Richter an.",
    "Name": "Nicht vorhanden",
    "Position": "Nicht vorhanden",
    "Amt": "Dienst fÃ¼r politische Rechte",
    "Addresse": "RegierungsgebÃ¤ude, 9001 St.Gallen",
    "Telefonnummer": "+41 58 229 88 88",
    "Email": "wahlen@sg.ch"
}