{
    "Titel": "Florist/in EBA",
    "Beschreibung": "Floristen und Floristinnen EBA arbeiten in BlumenfachgeschÃ¤ften oder Gartenabteilungen. Sie pflegen und verarbeiten Blumen und andere Pflanzen. Sie verkaufen BlumenstrÃ¤usse und nehmen AuftrÃ¤ge der Kundschaft entgegen.  <font size=\"2\"> <a href=\"https://www.berufsberatung.ch/dyn/show/1900?lang=de&idx=30&id=7420\" target=\"blank\">(Quelle: www.berufsberatung.ch)</font></a> ",
    "Name": "Nicht vorhanden",
    "Position": "Nicht vorhanden",
    "Amt": "Berufs-, Studien- und Laufbahnberatung",
    "Addresse": "",
    "Telefonnummer": "Nicht vorhanden",
    "Email": "info.berufsberatung@sg.ch"
}