{
    "Titel": "Rechtspflegekommission",
    "Beschreibung": "Der Rechtspflegekommission (RPK) kommt u.a. die Aufsicht Ã¼ber die Gerichte und Ã¼ber die VollzugsbehÃ¶rden zu. Ausserdem bearbeitet sie DisziplinarfÃ¤lle betreffend oberste kantonale BehÃ¶rden und an den Kantonsrat gerichtete Petitionen. Schliesslich prÃ¼ft sie auch die Kandidaturen fÃ¼r die Wahlen in die kantonalen Gerichte. Die GeschÃ¤ftsfÃ¼hrung besorgen die Parlamentsdienste.",
    "Name": "Nicht vorhanden",
    "Position": "Nicht vorhanden",
    "Amt": "Sandra BrÃ¼hwiler-Stefanovic, GeschÃ¤ftsfÃ¼hrerin",
    "Addresse": "RegierungsgebÃ¤ude, Klosterhof 3, 9001 St.Gallen",
    "Telefonnummer": "Nicht vorhanden",
    "Email": "martin.stoeckling@rj.sg.ch"
}