{
    "Titel": "Departement des Innern",
    "Beschreibung": "Das Departement des Innern erbringt mit seinen sechs Ãmtern und dem Generalsekretariat wichtige Leistungen in den Bereichen Soziales, Kultur, Gemeinde-Aufsicht, Finanzausgleich, BÃ¼rgerrecht, Zivilstand, Handelsregister, Notariate und Konkurswesen. Die verschiedenen TÃ¤tigkeitsbereiche bieten Privatpersonen, Firmen, Gemeinden sowie sozialen und kulturellen Institutionen Rechts- und Planungssicherheit. ",
    "Name": "Laura Bucher",
    "Position": "Dr.iur.",
    "Amt": "Departement des Innern",
    "Addresse": "RegierungsgebÃ¤ude , 9001 St.Gallen",
    "Telefonnummer": "+41 58 229 33 05",
    "Email": "info.di@sg.ch"
}