{
    "Titel": "Hotel-Kommunikationsfachmann/Hotel-Kommunikationsfachfrau EFZ",
    "Beschreibung": "Hotel-Kommunikationsfachleute arbeiten an der RÃ©ception und sind fÃ¼r die GÃ¤stebetreuung verantwortlich. Sie kennen die AblÃ¤ufe in den verschiedenen Bereichen eines Hotels und kÃ¶nnen bei Bedarf in allen Abteilungen mithelfen. Im BackOffice Ã¼bernehmen sie Marketing- und Kommunikationsaufgaben. <font size=\"2\"> <a href=\"https://www.berufsberatung.ch/dyn/show/1900?lang=de&idx=30&id=10353\" target=\"blank\">(Quelle: www.berufsberatung.ch)</font></a> ",
    "Name": "Nicht vorhanden",
    "Position": "Nicht vorhanden",
    "Amt": "Berufs-, Studien- und Laufbahnberatung",
    "Addresse": "",
    "Telefonnummer": "Nicht vorhanden",
    "Email": "info.berufsberatung@sg.ch"
}