{
    "Titel": "Bildungsdepartement",
    "Beschreibung": "Unsere Vision: Fit durch Bildung!Unsere Mission: Wir bauen auf unseren bewÃ¤hrten Erfolgsfaktoren auf. Wir arbeiten realistisch, traditionsbewusst und weltoffen. Mit unseren Schulen und ihren Lehrpersonen fÃ¶rdern wir die jungen Menschen ganzheitlich an Kopf, Hand und Herz.",
    "Name": "Stefan KÃ¶lliker",
    "Position": "Regierungsrat",
    "Amt": "Bildungsdepartement",
    "Addresse": "Davidstrasse 31, 9001 St.Gallen",
    "Telefonnummer": "+41 58 229 32 29",
    "Email": "info.bldgs@sg.ch"
}