{
    "Titel": "Veranstaltungsfachmann/Veranstaltungsfachfrau EFZ",
    "Beschreibung": "Veranstaltungsfachleute arbeiten bei Konzerten und Club Events, Theater- und OpernauffÃ¼hrungen, Film- und Fernsehproduktionen, Video- und RadioÃ¼bertragungen, Ausstellungen, Messen und anderen Veranstaltungen. Sie sind zustÃ¤ndig fÃ¼r den Auf-, Abbau und Betrieb von Beschallung, Beleuchtung, Projektionen und anderer BÃ¼hnen- und Veranstaltungstechnik. <font size=\"2\"> <a href=\"https://www.berufsberatung.ch/dyn/show/1900?lang=de&idx=30&id=7986\" target=\"blank\">(Quelle: www.berufsberatung.ch)</font></a> ",
    "Name": "Nicht vorhanden",
    "Position": "Nicht vorhanden",
    "Amt": "Berufs-, Studien- und Laufbahnberatung",
    "Addresse": "",
    "Telefonnummer": "Nicht vorhanden",
    "Email": "info.berufsberatung@sg.ch"
}