{
    "Titel": "Zustand der Umwelt",
    "Beschreibung": "Die LuftqualitÃ¤t ist an einzelnen Standorten im Kanton St.Gallen schlechter als es die gesetzlich definierten Grenzwerte erlauben wÃ¼rden. Das Grundwasser ist im Kanton nur wenig nitratbelastet. Pro Kopf entstehen jÃ¤hrlich rund 300 Kilogramm HaushaltabfÃ¤lle. Im Jahr 2017 konnten der Natur 883'000 Kubikmeter mineralische Baurohstoffe wie Kies, Sand und Gestein entnommen werden. Im Rahmen der kantonalen BiodiversitÃ¤tsstrategie wird die Schaffung, Ausweitung und Pflege von Waldreservaten, Altholzinseln und WaldrÃ¤ndern gezielt gefÃ¶rdert. ",
    "Name": "Nicht vorhanden",
    "Position": "Nicht vorhanden",
    "Amt": "Fachstelle fÃ¼r Statistik Kanton St.Gallen",
    "Addresse": "Davidstrasse 35, ",
    "Telefonnummer": "+41 58 229 77 77",
    "Email": "statistik@sg.ch"
}