{
    "Titel": "Arbeitskreis AUdS",
    "Beschreibung": " Der Arbeitskreis \"Archivierung von Unterlagen aus digitalen Systemen (AUdS)\" ist ein Netzwerk von Archivarinnen und Archivaren aus Ã¶ffentlichen Archiven (Schwerpunkt Deutschland). Er fÃ¼hrt seit 1997 in jedem FrÃ¼hjahr eine zweitÃ¤gige Tagung durch. Die BeitrÃ¤ge werden in einem Tagungsband, in einzelnen FÃ¤llen online, verÃ¶ffentlicht.",
    "Name": "Nicht vorhanden",
    "Position": "Nicht vorhanden",
    "Amt": "Staatsarchiv Kanton St.Gallen",
    "Addresse": "RegierungsgebÃ¤ude, Klosterhof 1 , 9001 St.Gallen",
    "Telefonnummer": "+41 (0) 58 229 32 05",
    "Email": "Nicht vorhanden"
}