{
    "Titel": "Boden",
    "Beschreibung": "Der Boden mit seiner MultifunktionalitÃ¤t erbringt lebenswichtige Leistungen fÃ¼r Mensch und Natur. Boden ist nicht erneuerbar und seine begrenzte VerfÃ¼gbarkeit wird immer stÃ¤rker spÃ¼rbar.",
    "Name": "Nicht vorhanden",
    "Position": "Nicht vorhanden",
    "Amt": "Amt fÃ¼r Umwelt",
    "Addresse": "Boden und Stoffkreislauf, Abteilung Boden und Altlasten, LÃ¤mmlisbrunnenstrasse 54, 9001 St.Gallen",
    "Telefonnummer": "+41 58 229 30 88",
    "Email": "info.budafu@sg.ch"
}