{
    "Titel": "Geomatiker/in EFZ",
    "Beschreibung": "Geomatiker/innen vermessen GrundstÃ¼cke, GebÃ¤ude und ganze Landstriche. Sie analysieren die erhobenen Daten und setzen sie am Computer in PlÃ¤ne, Karten und Dokumente um. Je nach Ausbildungsschwerpunkt unterscheidet sich ihr Einsatzgebiet.<font size=\"2\"> <a href=\"https://www.berufsberatung.ch/dyn/show/1900?lang=de&idx=30&id=3654\" target=\"blank\">(Quelle: www.berufsberatung.ch)</font></a> ",
    "Name": "Nicht vorhanden",
    "Position": "Nicht vorhanden",
    "Amt": "Berufs-, Studien- und Laufbahnberatung",
    "Addresse": "",
    "Telefonnummer": "Nicht vorhanden",
    "Email": "info.berufsberatung@sg.ch"
}