{
    "Titel": "Bestellung Tagespass fÃ¼r einen Gast",
    "Beschreibung": "Hier kÃ¶nnen Sie fÃ¼r Ihren Gast einen oder mehrere TagespÃ¤sse lÃ¶sen. Es ist nicht mÃ¶glich, TagespÃ¤sse fÃ¼r eine Drittperson Ã¼ber den Webshop zu lÃ¶sen.Den Tagespass oder die TagespÃ¤sse fÃ¼r Ihren Gast erhalten Sie in den nÃ¤chsten Tagen zusammen mit der Rechnung oder je nach Wunsch Ihr Gast direkt per Post. Bei dringenden Bestellungen melden Sie sich bitte telefonisch +41 58 229 39 53.VerfÃ¼gt Ihr Gast Ã¼ber einen JagdfÃ¤higkeitsausweis, belaufen sich die Kosten fÃ¼r den Tagespass auf Fr. 40.00, ohne FÃ¤higkeitsausweis sind es Fr. 50.00.",
    "Name": "Nathan Rudin",
    "Position": "Nicht vorhanden",
    "Amt": "Abteilung Jagd",
    "Addresse": "Davidstrasse 35, 9001  St.Gallen",
    "Telefonnummer": "+41 58 229 64 69",
    "Email": "nathan.rudin@sg.ch"
}