{
    "Titel": "Perspektive ArchÃ¤ologie",
    "Beschreibung": "ArchÃ¤ologische Funde und Fundstellen sind wegen ihrer kulturgeschichtlichen Bedeutung und ihrer Einmaligkeit von Ã¶ffentlichem Interesse. Die KantonsarchÃ¤ologie inventarisiert und schÃ¼tzt Funde und Fundstellen, grÃ¤bt sie notfalls aus und archiviert Funde und Dokumentationen. Die Resultate von Grabungen und Auswertungen vermittelt sie der Ãffentlichkeit.",
    "Name": "Nicht vorhanden",
    "Position": "Nicht vorhanden",
    "Amt": "Nicht vorhanden",
    "Addresse": "Nicht vorhanden",
    "Telefonnummer": "Nicht vorhanden",
    "Email": "Nicht vorhanden"
}