{
    "Titel": "Gesamterneuerung des Gewerblichen Berufs- und Weiterbildungszentrums St.Gallen, Standort Demutstrasse",
    "Beschreibung": "Das GebÃ¤ude des Gewerblichen Berufs- und Weiterbildungszentrums (GBS) an der Demutstrasse in St.Gallen bedarf nach Ã¼ber 45 Jahren Betrieb dringend einer grosszyklischen Gesamterneuerung. Ausserdem soll die Schulanlage um einen Unterrichtstrakt erweitert werden.",
    "Name": "Nicht vorhanden",
    "Position": "Nicht vorhanden",
    "Amt": "Hochbauamt",
    "Addresse": "LÃ¤mmlisbrunnenstrasse 54, 9001 St.Gallen",
    "Telefonnummer": "+41 58 229 30 17",
    "Email": "info.budhba@sg.ch"
}