{
    "Titel": "Bewilligungen",
    "Beschreibung": "Bewilligungen und Patente fÃ¼r Gastgewerbe, Nachtarbeit, Sonntagsarbeit, auslÃ¤ndische Mitarbeitende, vorlÃ¤ufig Aufgenommene und FlÃ¼chtlinge oder Asylsuchende, fÃ¼r Anbieter von Outdoor-AktivitÃ¤ten, Reisende, Schausteller, Wanderhandwerker, private Arbeitsvermittlung oder GewÃ¤hrung von Konsumkrediten.",
    "Name": "Nicht vorhanden",
    "Position": "Nicht vorhanden",
    "Amt": "Amt fÃ¼r Wirtschaft und Arbeit",
    "Addresse": "Unterstrasse 22, 9000 St.Gallen",
    "Telefonnummer": "+41 58 229 35 60",
    "Email": "info.vdawa@sg.ch"
}