{
    "Titel": "Indications sur la procÃ©dure administrative",
    "Beschreibung": "Une infraction aux prescriptions de la circulation routiÃ¨re entraÃ®ne le retrait du permis d'Ã©lÃ¨ve-conducteur ou du permis de conduire ou un avertissement, selon la gravitÃ© de la faute et de la mise en danger. Suite Ã  une infraction dans la circulation routiÃ¨re, vous avez reÃ§u un cour-rier de notre part (droit d'Ãªtre entendu), la mesure administrative envisagÃ©e Ã©tant examinÃ©e conformÃ©ment Ã  la loi sur la circulation routiÃ¨re (RS 741.01 ; en abrÃ©gÃ© LCR). Vous trouverez ci-dessous d'autres informations prÃ©cieuses sur la procÃ©dure.",
    "Name": "Nicht vorhanden",
    "Position": "Nicht vorhanden",
    "Amt": "Strassenverkehrs- und Schifffahrtsamt",
    "Addresse": "Frongartenstrasse 5, 9001 St.Gallen",
    "Telefonnummer": "+41 58 229 22 22",
    "Email": "info.stva@sg.ch"
}