{
    "Titel": "Geografie und Umwelt",
    "Beschreibung": "Zwei Landschaftstypen prÃ¤gen den Kanton St.Gallen: Die Alpen im SÃ¼den und das Mittelland im Norden. Der hÃ¶chste Punkt St.Gallens ist der Ringelspitz (3'247 Meter Ã¼ber Meer) an der Grenze zum Kanton GraubÃ¼nden.",
    "Name": "Nicht vorhanden",
    "Position": "Nicht vorhanden",
    "Amt": "Kantonale Verwaltung",
    "Addresse": "RegierungsgebÃ¤ude, 9001 St.Gallen",
    "Telefonnummer": "+41 58 229 31 11",
    "Email": "info@sg.ch"
}