{
    "Titel": "Strassenpolizeiliche Bewilligungen â transparent und fair",
    "Beschreibung": "Bei Baugesuchen entlang von Kantonsstrassen vertritt das Strasseninspektorat den Kanton St.Gallen als EigentÃ¼merin und unterstÃ¼tzt Gesuchstellende sowie BehÃ¶rden mit seinem Fachwissen. Bei der effizienten Bearbeitung berÃ¼cksichtigt es vielfÃ¤ltige BedÃ¼rfnisse und die Sicherheit aller. ",
    "Name": "Christoph Speith",
    "Position": "MSc FHO in Engineering",
    "Amt": "Erhaltungsmanagement und Bewilligungen",
    "Addresse": "LÃ¤mmlisbrunnenstrasse 54, 9001 St.Gallen",
    "Telefonnummer": "+41 58 229 27 57",
    "Email": "christoph.speith@sg.ch"
}