{
    "Titel": "Kommunale Ansprechpersonen Integration",
    "Beschreibung": "Die Gemeinden des Kantons St.Gallen bezeichnen Â«Kommunale Ansprechpersonen IntegrationÂ». Diese sind Ansprechpersonen fÃ¼r Fragen im Integrationsbereich. Der Kanton lÃ¤dt die kommunalen Ansprechpersonen regelmÃ¤ssig zum Austausch ein.",
    "Name": "Srdjan Dragojevic",
    "Position": "Nicht vorhanden",
    "Amt": "Abteilung Integration und Gleichstellung",
    "Addresse": "Spisergasse 41, 9001 St.Gallen",
    "Telefonnummer": "+41 58 229 33 18",
    "Email": "srdjan.dragojevic@sg.ch"
}