{
    "Titel": "Agrarpraktiker/in EBA",
    "Beschreibung": "Agrarpraktiker und Agrarpraktikerinnen arbeiten auf landwirtschaftlichen Betrieben. Je nach Fachrichtung halten und pflegen sie Tiere fÃ¼r die Produktion von Fleisch, Milch und Eiern. Sie bauen Getreide, GemÃ¼se und FrÃ¼chte an oder sie keltern Trauben und stellen Weine her.<font size=\"2\"> <a href=\"https://www.berufsberatung.ch/dyn/show/1900?lang=de&idx=30&id=7640\" target=\"blank\">(Quelle: www.berufsberatung.ch)</font></a> ",
    "Name": "Nicht vorhanden",
    "Position": "Nicht vorhanden",
    "Amt": "Berufs-, Studien- und Laufbahnberatung",
    "Addresse": "",
    "Telefonnummer": "Nicht vorhanden",
    "Email": "info.berufsberatung@sg.ch"
}