{
    "Titel": "Gesuch zur Bewilligung von Veranstaltungen",
    "Beschreibung": "Mit diesem Formular kÃ¶nnen Sie ein Gesuch fÃ¼r eine Veranstaltung einreichen. Bitte beachten Sie, dass Gesuche in der Regel eine Bearbeitungsdauer von mindestens zehn Arbeitstagen haben. ",
    "Name": "Nicht vorhanden",
    "Position": "Nicht vorhanden",
    "Amt": "Verkehrspolizei - Verkehrstechnik",
    "Addresse": "Klosterhof 12, 9001 St.Gallen",
    "Telefonnummer": "+41 58 229 40 90",
    "Email": "verkehrstechnik@kapo.sg.ch"
}