{
    "Titel": "Sennwald/Grabs/Buchs: Geh- und Radweg Knoten Haag bis Knoten Werdenstrasse - B28.2.001.369; Mitwirkung vom 15. November bis 15. Dezember 2021",
    "Beschreibung": "Informationen und Unterlagen zur Mitwirkung im Projekt Geh- und Radweg Knoten Haag bis Knoten Werdenstrasse in den Gemeinden Sennwald, Grabs und Buchs finden Sie auf dieser Seite.",
    "Name": "Nicht vorhanden",
    "Position": "Nicht vorhanden",
    "Amt": "Tiefbauamt",
    "Addresse": "LÃ¤mmlisbrunnenstrasse 54, 9001 St.Gallen",
    "Telefonnummer": "+41 58 229 30 34",
    "Email": "info.budtba@sg.ch"
}