{
    "Titel": "FÃ¶rderkredit Alter",
    "Beschreibung": "Der kantonale FÃ¶rderkredit Alter ermÃ¶glicht die finanzielle UnterstÃ¼tzung von Projekten, die einen Beitrag zur Verbesserung der Angebotsgestaltung fÃ¼r Menschen im Alter leisten. Engagierte Personen und Organisationen haben die MÃ¶glichkeit auf eine Anschubfinanzierung fÃ¼r gute Ideen, die einen direkten Nutzen fÃ¼r die Ã¤ltere BevÃ¶lkerung haben.",
    "Name": "Nicht vorhanden",
    "Position": "Nicht vorhanden",
    "Amt": "Abteilung Alter",
    "Addresse": "Spisergasse 41, 9001 St.Gallen",
    "Telefonnummer": "+41 58 229 33 18",
    "Email": "alter.diafso@sg.ch"
}