{
    "Titel": "Herr Regierungsrat liest Comics",
    "Beschreibung": "1986 beschloss die kantonale Arbeitsgruppe fÃ¼r Verkehrssicherheit, die Zielgruppe der Neulenker auf eine Â«neue, ganz unkonventioÂ­nelle ArtÂ» anzusprechen. Dazu liess sie in den drei Folgejahren Leo LÃ¤ssig-Comics drucken. Je 50'000 StÃ¼ck wurden an die Neulenkerinnen und Neulenker verschickt bzw. an den BehÃ¶rdenschaltern abgegeben. ",
    "Name": "Nicht vorhanden",
    "Position": "Nicht vorhanden",
    "Amt": "Staatsarchiv Kanton St.Gallen",
    "Addresse": "RegierungsgebÃ¤ude, Klosterhof 1 , 9001 St.Gallen",
    "Telefonnummer": "+41 (0) 58 229 32 05",
    "Email": "Nicht vorhanden"
}