{
    "Titel": "Handbuch PBG der Rechtsabteilung",
    "Beschreibung": "Das Handbuch zum Planungs- und Baugesetz ist ein Arbeitsinstrument der Rechtsabteilung. Als Hilfsmittel fÃ¼r die Praxis soll das Handbuch den mit der Anwendung des PBG befassten Personen dienen. Es enthÃ¤lt zum einen fÃ¼r jeden Artikel eine Zusammenfassung der wesentlichen Neuerungen sowie Hinweise zur Botschaft und zur parlamentarischen Beratung. Zum anderen enthÃ¤lt es zu einzelnen Artikeln eine Rubrik mit weiterfÃ¼hrenden Bemerkungen der Rechtsabteilung. Diese sind nicht verbindlich; insbesondere bleiben Entscheide der Departementsvorsteherin in Rechtsmittelverfahren ausdrÃ¼cklich vorbehalten.",
    "Name": "Ursula Staub",
    "Position": "Nicht vorhanden",
    "Amt": "Rechtsabteilung",
    "Addresse": "LÃ¤mmlisbrunnenstrasse 54, 9001 St.Gallen",
    "Telefonnummer": "+41 58 229 45 98",
    "Email": "ursula.staub@sg.ch"
}