{
    "Titel": "Kantonsarztamt",
    "Beschreibung": "Dem Kantonsarztamt ist eine Vielzahl von Themen aus den Bereichen Gesundheit und Krankheit zugeordnet. In diesen Bereichen setzt es die eidgenÃ¶ssischen und kantonalen Gesetze um. DafÃ¼r Ã¼bernimmt es Beratungsfunktion und gesundheitspolizeiliche Aufgaben, beobachtet die gesundheitliche Entwicklung, ergreift Massnahmen und erteilt Bewilligungen.",
    "Name": "Katharina Schenk",
    "Position": "Dr.med.",
    "Amt": "Kantonsarztamt",
    "Addresse": "Oberer Graben 32, 9001 St. Gallen",
    "Telefonnummer": "+41 58 229 35 64",
    "Email": "info.kantonsarztamt@sg.ch"
}