{
    "Titel": "Fachmann/Fachfrau Hotellerie-Hauswirtschaft EFZ",
    "Beschreibung": "Fachleute Hotellerie-Hauswirtschaft empfangen und betreuen GÃ¤ste in Hotels, Herbergen oder Einrichtungen des Gesundheitswesens. Sie kÃ¼mmern sich um Unterkunft, Verpflegung, Logistik und WÃ¤sche. So ermÃ¶glichen sie GÃ¤sten einen angenehmen Aufenthalt.<font size=\"2\"> <a href=\"https://www.berufsberatung.ch/dyn/show/1900?lang=de&idx=30&id=5609\" target=\"blank\">(Quelle: www.berufsberatung.ch)</font></a> ",
    "Name": "Nicht vorhanden",
    "Position": "Nicht vorhanden",
    "Amt": "Berufs-, Studien- und Laufbahnberatung",
    "Addresse": "",
    "Telefonnummer": "Nicht vorhanden",
    "Email": "info.berufsberatung@sg.ch"
}