{
    "Titel": "Weitere FÃ¶rdermÃ¶glichkeiten",
    "Beschreibung": "FÃ¼r einen langfristigen Betrieb mit einem qualitativ guten Angebot, das dem lokalen Bedarf entspricht, ist neben einer ausreichenden Finanzierung eine qualitative Weiterentwicklung elementar. Verschiedene Akteurinnen und Akteure bieten finanzielle UnterstÃ¼tzung fÃ¼r Projekte, Beratung, Weiterbildung, Vernetzungs- und InformationsmÃ¶glichkeiten fÃ¼r Familienzentren an.",
    "Name": "Claudia Wiedemann",
    "Position": "Nicht vorhanden",
    "Amt": "Abteilung Familie und Sozialhilfe",
    "Addresse": "Spisergasse 41, 9001 St.Gallen",
    "Telefonnummer": "+41 58 229 33 18",
    "Email": "info.diafso@sg.ch"
}