{
    "Titel": "Erbbescheinigung",
    "Beschreibung": "Wenn die Erben den Nachlass angenommen haben, stellt das zustÃ¤ndige Amtsnotariat auf entsprechendes Begehren eine Erbbescheinigung aus. Aufgrund der Erbbescheinigung kÃ¶nnen die Bankkonten, Liegenschaften usw. des Erblassers auf die Erben Ã¼berschrieben werden, womit diese darÃ¼ber verfÃ¼gen kÃ¶nnen.",
    "Name": "Hauptsitz St.Gallen",
    "Position": "Nicht vorhanden",
    "Amt": "Amt fÃ¼r Handelsregister und Notariate",
    "Addresse": "Davidstrasse 27, ",
    "Telefonnummer": "+41 58 229 37 24",
    "Email": "info.afhn@sg.ch"
}