{
    "Titel": "heb! und Weiterbildung Kindesschutz",
    "Beschreibung": "Die Weiterbildung Kindesschutz sowie die Grundlagen und Instrumente Â«heb! â hinschauen. einschÃ¤tzen. begleiten.Â» unterstÃ¼tzen Fachpersonen in der FrÃ¼herkennung von ungÃ¼nstigen Entwicklungen und KindeswohlgefÃ¤hrdung.",
    "Name": "Selina Rietmann",
    "Position": "Nicht vorhanden",
    "Amt": "Kinder- und Jugendkoordination",
    "Addresse": "Spisergasse 41, 9001 St.Gallen",
    "Telefonnummer": "+41 58 229 33 18",
    "Email": "jugend@sg.ch"
}