{
    "Titel": "Informationen fÃ¼r Ãrztinnen und Ãrzte",
    "Beschreibung": "Ãrztinnen und Ãrzte, die FahreignungsabklÃ¤rungen treffen, werden gebeten, die Ergebnisse aus Kontrolluntersuchungen Ã¼ber die Plattform cari-Medko zu Ã¼bermitteln.",
    "Name": "Nicht vorhanden",
    "Position": "Nicht vorhanden",
    "Amt": "Strassenverkehrs- und Schifffahrtsamt",
    "Addresse": "Frongartenstrasse 5, 9001 St.Gallen",
    "Telefonnummer": "+41 58 229 22 22",
    "Email": "info.stva@sg.ch"
}