{
    "Titel": "Wald schÃ¼tzt vor Naturgefahren",
    "Beschreibung": "In Risikogebieten bietet der Wald Schutz vor Naturgefahren wie Steinschlag, Lawinen, Hochwasser oder Erdrutschen.Wir alle profitieren davon: GeschÃ¼tzt werden erhebliche Sachwerte wie Verkehrswege, Siedlungen und auch Menschenleben. ",
    "Name": "JÃ¼rg Fritschi",
    "Position": "Forstingenieur",
    "Amt": "Kantonsforstamt",
    "Addresse": "Davidstrasse 35, 9001 St.Gallen",
    "Telefonnummer": "+41 58 229 35 04",
    "Email": "juerg.fritschi@sg.ch"
}