{
    "Titel": "Landwirtschaftliche GebÃ¤ude",
    "Beschreibung": "Die BeitrÃ¤ge fÃ¼r landwirtschaftliche GebÃ¤ude werden seit dem 1. Januar 2001 von der Landwirtschaftlichen Kreditgenossenschaft, Unterstrasse 22, 9001 St.Gallen, bearbeitet. Wir verweisen auf die Homepage der Landwirtschaftlichen Kreditgenossenschaft St.Gallen",
    "Name": "Nicht vorhanden",
    "Position": "Nicht vorhanden",
    "Amt": "Landwirtschaftliche Kreditgenossenschaft",
    "Addresse": "",
    "Telefonnummer": "Nicht vorhanden",
    "Email": "Nicht vorhanden"
}