{
    "Titel": "Korrosionsschutzarbeiten im Freien",
    "Beschreibung": "Korrosionsschutzarbeiten im Freien an Metall- oder Betonobjekten, wie beispielsweise BrÃ¼cken, ÃbergÃ¤nge, Masten, GelÃ¤nder, kÃ¶nnen Umweltprobleme verursachen. Deshalb mÃ¼ssen Korrosionsschutzarbeiten im Freien ab 50 mÂ² SanierungsflÃ¤che dem AFU gemeldet werden.",
    "Name": "Dominik Noger",
    "Position": "Nicht vorhanden",
    "Amt": "Amt fÃ¼r Umwelt AFU",
    "Addresse": "LÃ¤mmlisbrunnenstrasse 54, 9001 St.Gallen",
    "Telefonnummer": "+41 58 229 21 09",
    "Email": "dominik.noger@sg.ch"
}