{
    "Titel": "Emissionsbegrenzung und Kontrolle von EntlÃ¼ftungsanlagen im Gastgewerbe",
    "Beschreibung": "In der Praxis erlassen Gemeinden VerfÃ¼gungen zur AbluftfÃ¼hrung von EntlÃ¼ftungsanlagen hauptsÃ¤chlich bei Neuanlagen, das heisst im Baubewilligungsverfahren. Bei bestehenden Anlagen kÃ¶nnen SanierungsverfÃ¼gungen nach USG/LRV nÃ¶tig sein.",
    "Name": "Nicht vorhanden",
    "Position": "Nicht vorhanden",
    "Amt": "Amt fÃ¼r Umwelt AFU",
    "Addresse": "LÃ¤mmlisbrunnenstrasse 54, 9001 St.Gallen",
    "Telefonnummer": "+41 58 229 30 88",
    "Email": "info.budafu@sg.ch"
}