{
    "Titel": "Ãberblick Ã¼ber die Anwendbarkeit der Bestimmungen des PBG",
    "Beschreibung": "Der Anhang zum Kreisschreiben zum Ãbergangsrecht PBG gibt einen Ãberblick, welche Bestimmungen des PBG direkt anwendbar sind und welche zuerst eine Umsetzung im kommunalen Recht erfordern.",
    "Name": "Ursula Staub",
    "Position": "Nicht vorhanden",
    "Amt": "Rechtsabteilung",
    "Addresse": "LÃ¤mmlisbrunnenstrasse 54, 9001 St.Gallen",
    "Telefonnummer": "+41 58 229 45 98",
    "Email": "ursula.staub@sg.ch"
}