{
    "Titel": "Heizungsinstallateur/in EFZ",
    "Beschreibung": "Heizungsinstallateure und -installateurinnen sind Fachleute fÃ¼r die Montage von Heizungsanlagen. Immer hÃ¤ufiger installieren sie wÃ¤rmetechnische Systeme, die auf der Basis von erneuerbaren Energien betrieben werden. Sie fÃ¼hren auch Reparaturen aus.<br><font size=\"2\"> <a href=\"https://www.berufsberatung.ch/dyn/show/1900?lang=de&idx=30&id=2983\" target=\"blank\">(Quelle: www.berufsberatung.ch)</font></a> ",
    "Name": "Nicht vorhanden",
    "Position": "Nicht vorhanden",
    "Amt": "Berufs-, Studien- und Laufbahnberatung",
    "Addresse": "",
    "Telefonnummer": "Nicht vorhanden",
    "Email": "info.berufsberatung@sg.ch"
}