{
    "Titel": "Alarm- und Gefahrenmeldeanlagen",
    "Beschreibung": "Unter gewissen Voraussetzungen kÃ¶nnen Alarm- und Gefahrenmeldeanlagen direkt bei der Kantonalen Notrufzentrale der Kantonspolizei St.Gallen (KNZ) aufgeschaltet werden. Hier finden Sie in KÃ¼rze weitere Informationen zu den verschiedenen Meldeanlagen und deren Aufschaltung.",
    "Name": "Nicht vorhanden",
    "Position": "Nicht vorhanden",
    "Amt": "Sicherheitsberatung",
    "Addresse": "Zeughausgasse 5, 9000 St.Gallen",
    "Telefonnummer": "+41 58 229 38 29",
    "Email": "sicherheitsberatung@kapo.sg.ch"
}