{
    "Titel": "Metalldetektoren",
    "Beschreibung": "Im Kanton St.Gallen ist die Suche mit einem Metalldetektor oder einem anderen technischen GerÃ¤t nach herrenlosen GegenstÃ¤nden, die archÃ¤ologische Funde sein kÃ¶nnten, bewilligungspflichtig.Wer ohne Bewilligung des Amts fÃ¼r Kultur, ArchÃ¤ologie sucht, dem kann eine Busse in HÃ¶he bis 30'000 franken auferlegt werden. Zudem kann der Kanton den durch die illegalen TÃ¤tigkeiten verursachten Aufwand fÃ¼r die Sicherung der Fundstelle sowie die Bergung, Konservierung und wissenschaftliche Untersuchung der Funde einfordern.",
    "Name": "Nicht vorhanden",
    "Position": "Nicht vorhanden",
    "Amt": "KantonsarchÃ¤ologie",
    "Addresse": "Rorschacherstrasse 23, 9001 St.Gallen",
    "Telefonnummer": "+41 58 229 38 72",
    "Email": "archaeologie@sg.ch"
}