{
    "Titel": "Projekte und Umweltbildung",
    "Beschreibung": "An dieser Stelle werden die wichtigsten Projekte vorgestellt, welche von hohem regionalem, Ã¼berregionalem und langfristigem Interesse sind.Besondere Verantwortung hat die Waldregion 4 fÃ¼r den Schutz der BevÃ¶lkerung vor Naturgefahren und fÃ¼r die BiodiversitÃ¤t.",
    "Name": "Nicht vorhanden",
    "Position": "Nicht vorhanden",
    "Amt": "Nicht vorhanden",
    "Addresse": "",
    "Telefonnummer": "Nicht vorhanden",
    "Email": "Nicht vorhanden"
}