{
    "Titel": "BÃ¼chsenmacher/in EFZ",
    "Beschreibung": "BÃ¼chsenmacher und BÃ¼chsenmacherinnen stellen Pistolen, Revolver und Gewehre her und reparieren sie. Gelegentlich restaurieren sie auch historische Waffen.<font size=\"2\"> <a href=\"https://www.berufsberatung.ch/dyn/show/1900?lang=de&idx=30&id=3657\" target=\"blank\">(Quelle: www.berufsberatung.ch)</font></a> ",
    "Name": "Nicht vorhanden",
    "Position": "Nicht vorhanden",
    "Amt": "Berufs-, Studien- und Laufbahnberatung",
    "Addresse": "",
    "Telefonnummer": "Nicht vorhanden",
    "Email": "info.berufsberatung@sg.ch"
}