{
    "Titel": "Veranstaltungen im Lebensraum",
    "Beschreibung": "Veranstaltungen im Wald sowie in weiteren LebensrÃ¤umen von Pflanzen und wildlebenden Tieren kÃ¶nnen melde- oder bewilligungspflichtig sein. Die Veranstaltungen sind der zustÃ¤ndigen politischen Gemeinde zu melden. Bewilligungspflichtige Veranstaltungen werden an das Kantonsforstamt weitergeleitet.",
    "Name": "Ryan Christinger",
    "Position": "MSc UZH Geographie",
    "Amt": "Nicht vorhanden",
    "Addresse": "Davidstrasse 35, 9001 St.Gallen",
    "Telefonnummer": "+41 58 229 91 03",
    "Email": "ryan.christinger@sg.ch"
}