{
    "Titel": "Waldziele St.Gallen",
    "Beschreibung": "Nach Art. 20 der Kantonsverfassung strebt der Kanton St.Gallen eine leistungsfÃ¤hige und nachhaltig produzierende Waldwirtschaft an, die ihre vielfÃ¤ltigen Aufgaben fÃ¼r Natur, Mensch und Wirtschaft erfÃ¼llen kann. Um dieser gesetzlichen Vorgabe nachzukommen, hat die Regierung elf Waldziele verabschiedet, welche die Ausrichtung ihrer Waldpolitik vorgeben.",
    "Name": "Nicht vorhanden",
    "Position": "Nicht vorhanden",
    "Amt": "Kantonsforstamt",
    "Addresse": "Davidstrasse 35, 9001 St.Gallen ",
    "Telefonnummer": "+41 58 229 35 02",
    "Email": "info.vdkfa@sg.ch"
}