{
    "Titel": "Medizinische/r Praxisassistent/in EFZ",
    "Beschreibung": "Medizinische Praxisassistenten und Praxisassistentinnen fÃ¼hren in einer Arztpraxis unter der Verantwortung der Ãrztinnen Aufgaben in folgenden vier Bereichen aus: Empfang von Patientinnen und Patienten und Terminplanung, administrative Arbeiten, UnterstÃ¼tzung der behandelnden Ãrzte sowie Labor- und RÃ¶ntgenarbeiten.<font size=\"2\"> <a href=\"https://www.berufsberatung.ch/dyn/show/1900?lang=de&idx=30&id=2899\" target=\"blank\">(Quelle: www.berufsberatung.ch)</font></a> ",
    "Name": "Nicht vorhanden",
    "Position": "Nicht vorhanden",
    "Amt": "Berufs-, Studien- und Laufbahnberatung",
    "Addresse": "",
    "Telefonnummer": "Nicht vorhanden",
    "Email": "info.berufsberatung@sg.ch"
}