{
    "Titel": "Keramiker/in EFZ",
    "Beschreibung": "Keramikerinnen und Keramiker sind fÃ¼r die Herstellung von GegenstÃ¤nden aus Keramik vom Entwurf der Form bis hin zur Vermarktung des Produktes zustÃ¤ndig. Sie wenden verschiedene Techniken zur Formgebung, Dekoration, Glasur und zum Brennen der GegenstÃ¤nde an. Dabei werden funktionale Produkte einzeln oder in Serien hergestellt, zum Beispiel Tassen, Teller und Vasen, sowie dekorative GegenstÃ¤nde wie Skulpturen und Mosaike.<font size=\"2\"> <a href=\"https://www.berufsberatung.ch/dyn/show/1900?lang=de&idx=30&id=4026\" target=\"blank\">(Quelle: www.berufsberatung.ch)</font></a>   ",
    "Name": "Nicht vorhanden",
    "Position": "Nicht vorhanden",
    "Amt": "Berufs-, Studien- und Laufbahnberatung",
    "Addresse": "",
    "Telefonnummer": "Nicht vorhanden",
    "Email": "info.berufsberatung@sg.ch"
}