{
    "Titel": "BÃ¼tschwil-Ganterschwil: LÃ¤rmsanierungsprojekt BÃ¼tschwil-Ganterschwil, Abschnitte 70.2 und 70.5 BÃ¼tschwil - B70.7.070.004; Mitwirkung vom 20. November bis 20. Dezember 2023",
    "Beschreibung": "Informationen und Unterlagen zur Mitwirkung im LÃ¤rmsanierungsprojekt BÃ¼tschwil-Ganterschwil, Abschnitte 70.2 und 70.5 BÃ¼tschwil in der Gemeinde BÃ¼tschwil-Ganterschwil finden Sie auf dieser Seite.",
    "Name": "Nicht vorhanden",
    "Position": "Nicht vorhanden",
    "Amt": "Tiefbauamt",
    "Addresse": "LÃ¤mmlisbrunnenstrasse 54, 9001 St.Gallen",
    "Telefonnummer": "+41 58 229 30 34",
    "Email": "info.budtba@sg.ch"
}