{
    "Titel": "Arbeitsgruppe fÃ¼r Volksschulbibliotheken",
    "Beschreibung": "Die Kantonale Arbeitsgruppe fÃ¼r Volksschulbibliotheken unterstÃ¼tzt die Volksschulbibliotheken bei ihrer tÃ¤glichen Arbeit, organisiert Netzwerktreffen und informiert auf verschiedenen KanÃ¤len Ã¼ber Aktuelles aus der Welt der Schulbibliotheken.",
    "Name": "Nicht vorhanden",
    "Position": "Nicht vorhanden",
    "Amt": "Nicht vorhanden",
    "Addresse": "Fachstelle Bibliotheken - Arbeitsgruppe fÃ¼r Volksschulbibliotheken, Notkerstrasse 22, CH-9000 St.Gallen",
    "Telefonnummer": "+41 58 229 09 94",
    "Email": "paula.looser@sg.ch"
}