{
    "Titel": "Eintrag im Handelsregister",
    "Beschreibung": "Wir bieten Ihnen umfassende Dienstleistungen und Informationen zum Handelsregistereintrag. Bei uns kÃ¶nnen Sie HandelsregistereintrÃ¤ge anmelden, Ã¤ndern, lÃ¶schen oder beurkunden lassen.",
    "Name": "Hauptsitz St.Gallen",
    "Position": "Nicht vorhanden",
    "Amt": "Amt fÃ¼r Handelsregister und Notariate",
    "Addresse": "Davidstrasse 27, 9001 St.Gallen",
    "Telefonnummer": "+41 58 229 37 24",
    "Email": "info.afhn@sg.ch"
}