{
    "Titel": "Mediamatiker/in EFZ",
    "Beschreibung": "Mediamatiker und Mediamatikerinnen arbeiten mit verschiedenen Medientechniken und MedienkanÃ¤len. Sie arbeiten an der Schnittstelle von Administration, Marketing und Informatik. Sie bearbeiten Bilder, Texte und Videos. Sie betreiben Webseiten, Social-Media-KanÃ¤le oder entwickeln Werbemittel wie BroschÃ¼ren oder Flyer.  <font size=\"2\"> <a href=\"https://www.berufsberatung.ch/dyn/show/1900?id=4034\" target=\"blank\">(Quelle: www.berufsberatung.ch)</font></a> ",
    "Name": "Nicht vorhanden",
    "Position": "Nicht vorhanden",
    "Amt": "Berufs-, Studien- und Laufbahnberatung",
    "Addresse": "",
    "Telefonnummer": "Nicht vorhanden",
    "Email": "info.berufsberatung@sg.ch"
}