{
    "Titel": "Anmeldung zum Orientierungstag der Armee",
    "Beschreibung": "Als SchweizerbÃ¼rgerin im 17. - 28. Altersjahr kÃ¶nnen Sie sich freiwillig fÃ¼r den eintÃ¤gigen Orientierungstag der Armee anmelden.An einigen Orientierungstagen ist eine weibliche ArmeeangehÃ¶rige als Moderatorin eingesetzt. Sie haben Gelegenheit, von den Erfahrungen einer Frau, die bereits Dienst geleistet hat, zu profitieren. Die entsprechenden Tage sind mit einem * markiert.",
    "Name": "Nicht vorhanden",
    "Position": "Nicht vorhanden",
    "Amt": "Markus Ammann",
    "Addresse": "Kreiskommando, Burgstrasse 50, 9000 St. Gallen",
    "Telefonnummer": "+41 58 229 71 87",
    "Email": "rekrutierung@sg.ch"
}