{
    "Titel": "Versicherungspflicht",
    "Beschreibung": "FÃ¼r den Vollzug der Bestimmungen Ã¼ber die Versicherungspflicht (obligatorische Krankenpflegeversicherung) sind die Kontrollstellen fÃ¼r Krankenversicherung der politischen Gemeinden zustÃ¤ndig.",
    "Name": "Nicht vorhanden",
    "Position": "Nicht vorhanden",
    "Amt": "Gesundheitsdepartement",
    "Addresse": "Oberer Graben 32, 9001 St.Gallen",
    "Telefonnummer": "+41 58 229 35 90",
    "Email": "info.gesundheitsversorgung@sg.ch"
}