{
    "Titel": "Netzgrafik Region St.Gallen",
    "Beschreibung": "Netzgrafiken zeigen den Fahrplan mehrerer Ã¶V-Linien sowie die wichtigsten Knotenpunkte und deren Anschlussbeziehungen. Sie dienen als Hilfe fÃ¼r die Planung des Ã¶V-Angebotes. FÃ¼r die Region St.Gallen stehen die Netzgrafiken zum Fahrplan 2021 fÃ¼r die Hauptverkehrszeiten (HVZ) sowie die Randverkehrszeiten (RVZ) zur VerfÃ¼gung.  ",
    "Name": "Nicht vorhanden",
    "Position": "Nicht vorhanden",
    "Amt": "Amt fÃ¼r Ã¶ffentlichen Verkehr",
    "Addresse": "Davidstrasse 35, 9001 St.Gallen",
    "Telefonnummer": "+41 58 229 34 88",
    "Email": "aoev@sg.ch"
}