{
    "Titel": "Teilung der Erbschaft",
    "Beschreibung": "Die Teilung des Nachlasses ist grundsÃ¤tzlich Sache der Erben. Eine amtliche Mitwirkung durch das zustÃ¤ndige Amtsnotariat erfolgt nur auf Verlangen eines Erben (Art. 609 Abs. 2 ZGB i.V.m. Art. 88 EGzZGB).",
    "Name": "Hauptsitz St.Gallen",
    "Position": "Nicht vorhanden",
    "Amt": "Amt fÃ¼r Handelsregister und Notariate",
    "Addresse": "Davidstrasse 27, ",
    "Telefonnummer": "+41 58 229 37 24",
    "Email": "info.afhn@sg.ch"
}