{
    "Titel": "Asyl und FlÃ¼chtlinge",
    "Beschreibung": "Der Kanton St.Gallen betreibt vier Zentren mit Integrationscharakter und ein Ausreise- und Nothilfezentrum. Der Kanton St.Gallen betreibt vier Zentren mit Integrationscharakter und ein Ausreise- und Nothilfezentrum",
    "Name": "Nicht vorhanden",
    "Position": "Nicht vorhanden",
    "Amt": "Asylabteilung",
    "Addresse": "Oberer Graben 38 , 9001 St. Gallen",
    "Telefonnummer": "+41 58 229 31 11",
    "Email": "Nicht vorhanden"
}