{
    "Titel": "Moderator Orientierungstage",
    "Beschreibung": "FÃ¼r die DurchfÃ¼hrung der Orientierungstage des Kantons St. Gallen suchen wir kommunikative, verantwortungsvolle und begeisterungsfÃ¤hige AngehÃ¶rige der Armee, welchen in ihrem WK eine Gruppe von bis zu 15 Personen interaktiv durch den Orientierungstag fÃ¼hren.",
    "Name": "Nicht vorhanden",
    "Position": "Nicht vorhanden",
    "Amt": "Cornel Ackermann",
    "Addresse": "Kreiskommando, Burgstrasse 50, 9000 St. Gallen",
    "Telefonnummer": "+41 58 229 71 86",
    "Email": "cornel.ackermann@sg.ch"
}