{
    "Titel": "Ã¶V-Konzept Stadtachsen St.Gallen",
    "Beschreibung": "In der Region St.Gallen sollen Bus und Bahn koordiniert entwickelt werden. Das Ã¶V-System ist dabei auf eine erhÃ¶hte Nachfrage vorzubereiten, die mittel- bis langfristig prognostiziert wird. Der LÃ¶sungsansatz ist kein reiner Ausbau der heutigen Linien, sondern vielmehr ein Umbau und eine Optimierung des heutigen Ã¶V-Systems. ",
    "Name": "Nicht vorhanden",
    "Position": "Nicht vorhanden",
    "Amt": "Amt fÃ¼r Ã¶ffentlichen Verkehr",
    "Addresse": "Davidstrasse 35, 9001 St.Gallen",
    "Telefonnummer": "+41 58 229 34 88",
    "Email": "aoev@sg.ch"
}