{
    "Titel": "GerÃ¼stbauer/in EFZ",
    "Beschreibung": "GerÃ¼stbauer/innen bauen BaugerÃ¼ste auf und ab. Mit ihrer Arbeit sorgen sie dafÃ¼r, dass andere Baufachleute ihre Arbeiten an Fassaden und auf DÃ¤chern erledigen kÃ¶nnen. <font size=\"2\"> <a href=\"https://www.berufsberatung.ch/dyn/show/1900?lang=de&idx=30&id=9949\" target=\"blank\">(Quelle: www.berufsberatung.ch)</font></a> ",
    "Name": "Nicht vorhanden",
    "Position": "Nicht vorhanden",
    "Amt": "Berufs-, Studien- und Laufbahnberatung",
    "Addresse": "",
    "Telefonnummer": "Nicht vorhanden",
    "Email": "info.berufsberatung@sg.ch"
}