{
    "Titel": "Gewerbliches Berufs- und Weiterbildungszentrum St.Gallen Wiederaufbau Sporthalle Demuttal",
    "Beschreibung": "Der seit Jahren ausgewiesene Bedarf nach Turnraum fÃ¼r das Gewerbliche Berufs- und Weiterbildungszentrum in St.Gallen konnte mit dem Bau der Sporthalle abgedeckt werden. Nach der einjÃ¤hrigen Bauzeit konnte die Dreifachhalle ab August 2013 wieder uneingeschrÃ¤nkt genutzt werden. ",
    "Name": "Nicht vorhanden",
    "Position": "Nicht vorhanden",
    "Amt": "Hochbauamt",
    "Addresse": "LÃ¤mmlisbrunnenstrasse 54, 9001 St.Gallen",
    "Telefonnummer": "+41 58 229 30 17",
    "Email": "info.budhba@sg.ch"
}