{
    "Titel": "Info zu 5G",
    "Beschreibung": "Als im Jahr 1992 mit 2G der GSM-Standard eingefÃ¼hrt wurde, konnten Mobilfunkdaten mit einer Geschwindigkeit von 10 Kilobit je Sekunde Ã¼bertragen werden. Seit 2012 ist die 4. Generation (4G) aktuell, und die KapazitÃ¤t betrÃ¤gt 150 Megabit je Sekunde; dies ist eine ErhÃ¶hung um das 15'000-fache. Der 5G-Standard wird eine ÃbertragungskapazitÃ¤t von 10 Gigabit ermÃ¶glichen, was gegenÃ¼ber 4G  einer Zunahme von mehr als dem 60-fachen entspricht.",
    "Name": "Martin Simon",
    "Position": "Nicht vorhanden",
    "Amt": "Amt fÃ¼r Umwelt AFU",
    "Addresse": "LÃ¤mmlisbrunnenstrasse 54, 9001 St.Gallen",
    "Telefonnummer": "+41 58 229 42 08",
    "Email": "martin.simon@sg.ch"
}