{
    "Titel": "Vorgehen fÃ¼r die Ãbernahme der persÃ¶nlichen Waffe zu Eigentum",
    "Beschreibung": "Hier erfahren Sie, was zu tun ist, um Ihre persÃ¶nliche Armeewaffe bei der Entlassung  aus der MilitÃ¤rdienstpflicht, Durchdiener bei der Entlassung aus der Armee, ins Eigentum Ã¼bernehmen zu kÃ¶nnen.",
    "Name": "Nicht vorhanden",
    "Position": "Nicht vorhanden",
    "Amt": "Markus Ammann",
    "Addresse": "Kreiskommando, Burgstrasse 50, 9000 St. Gallen",
    "Telefonnummer": "+41 58 229 71 87",
    "Email": "christoph.rueegg.RUE@vtg.admin.ch"
}