{
    "Titel": "Cargo sous terrain - Netzerweiterung Ostschweiz",
    "Beschreibung": "In enger Zusammenarbeit mit der Cargo sous terrain AG (CST) wurden die Potenziale und die Machbarkeit fÃ¼r den unterirdischen GÃ¼tertransport zwischen ZÃ¼rich und der Ostschweiz untersucht. Dabei hat sich gezeigt, dass die VerlÃ¤ngerung des Netzes bis St.Gallen technisch und wirtschaftlich mÃ¶glich ist. An ausgewÃ¤hlten Standorten werden jetzt weitere AbklÃ¤rungen getÃ¤tigt.",
    "Name": "Nicht vorhanden",
    "Position": "Nicht vorhanden",
    "Amt": "Amt fÃ¼r Ã¶ffentlichen Verkehr",
    "Addresse": "Davidstrasse 35, 9001 St.Gallen",
    "Telefonnummer": "+41 58 229 34 88",
    "Email": "aoev@sg.ch"
}