{
    "Titel": "Erfahrungsaustausch fÃ¼r Fachpersonen der frÃ¼hen Kindheit",
    "Beschreibung": "Sich austauschen, Kontakte knÃ¼pfen sowie sich mit fachlichen und praxisnahen Inputs auseinandersetzen â all dies steht beim Erfahrungsaustausch fÃ¼r Fachpersonen der frÃ¼hen Kindheit im Vordergrund. ",
    "Name": "Nicole Hollenstein",
    "Position": "Nicht vorhanden",
    "Amt": "Abteilung Integration und Gleichstellung",
    "Addresse": "Spisergasse 41, 9001 St.Gallen",
    "Telefonnummer": "+41 58 229 33 18",
    "Email": "integration@sg.ch"
}