{
    "Titel": "Hilfe- und Supportbereich",
    "Beschreibung": "Auf dieser Webseite finden Sie Antworten auf hÃ¤ufig gestellte Fragen (FAQ) sowie nÃ¼tzliche Hinweise fÃ¼r die Bedienung von eTaxes (elektronische Deklarationssoftware des Kantons St. Gallen). Die Seite gliedert sich nach den Schritten der Verwendung von eTaxes.",
    "Name": "Nicht vorhanden",
    "Position": "Nicht vorhanden",
    "Amt": "Nicht vorhanden",
    "Addresse": "",
    "Telefonnummer": "+41 44 505 15 34",
    "Email": "helpdesk.sg@information-factory.ch"
}