{
    "Titel": "Gesundheitszustand der BevÃ¶lkerung und Todesursachen",
    "Beschreibung": "Im Jahr 2022 waren rund 26 Prozent aller Spitalaufenthalte im Kanton St.Gallen auf Krankheiten des Muskel-Skelett-Systems und des Bindegewebes sowie auf Verletzungen und andere Folgen Ã¤usserer Ursachen zurÃ¼ckzufÃ¼hren. Bei den hÃ¤ufigsten Todesursachen dominieren Krankheiten des Kreislaufsystems, gefolgt von Krebskrankheiten. Rund 1,4 Prozent der TodesfÃ¤lle sind im Jahr 2022 auf Suizide (SelbsttÃ¶tung) zurÃ¼ckzufÃ¼hren. Die frÃ¼hzeitige Sterblichkeit (TodesfÃ¤lle vor dem 70. Lebensjahr) ist seit 2002 stark zurÃ¼ckgegangen.",
    "Name": "Nicht vorhanden",
    "Position": "Nicht vorhanden",
    "Amt": "Fachstelle fÃ¼r Statistik Kanton St.Gallen",
    "Addresse": "Davidstrasse 35, ",
    "Telefonnummer": "+41 58 229 77 77",
    "Email": "statistik@sg.ch"
}