{
    "Titel": "Umsetzung der Strategie steuern",
    "Beschreibung": "Die Strategie zur Anpassung an den Klimawandel wurde von 12 Fachabteilungen der kantonalen Verwaltung aus verschiedenen Departementen erarbeitet. Diese haben insgesamt 21 neue Massnahmen zu verschiedenen Handlungsfeldern entwickelt. ",
    "Name": "Nicht vorhanden",
    "Position": "Nicht vorhanden",
    "Amt": "Nicht vorhanden",
    "Addresse": "Nicht vorhanden",
    "Telefonnummer": "Nicht vorhanden",
    "Email": "Nicht vorhanden"
}