{
    "Titel": "Amt fÃ¼r Verbraucherschutz und VeterinÃ¤rwesen",
    "Beschreibung": "Der ganzheitliche Verbraucherschutz Â«vom Stall bis auf den TellerÂ» wird im Kanton St.Gallen mit dem Amt fÃ¼r Verbraucherschutz und VeterinÃ¤rwesen (AVSV) umgesetzt.",
    "Name": "Albert Fritsche",
    "Position": "Dr. med. vet.",
    "Amt": "Amt fÃ¼r Verbraucherschutz und VeterinÃ¤rwesen",
    "Addresse": "Blarerstrasse 2, 9001 St.Gallen",
    "Telefonnummer": "+41 58 229 28 00",
    "Email": "info.avsv@sg.ch"
}