{
    "Titel": "Hilfe finden",
    "Beschreibung": "Gewalt im hÃ¤uslichen Bereich (Ehe, Partnerschaft, Familie) ist keine Privatsache und wird nicht geduldet. Rechtfertigungsversuche wie Verniedlichung, Suchtmittelkonsum, Stress und Provokation werden nicht akzeptiert. Die Verantwortung fÃ¼r die Gewalt liegt immer bei der Person, die sie ausÃ¼bt.Die Polizei kann eine gewalttÃ¤tige Person aus der Wohnung weisen und ihr die RÃ¼ckkehr fÃ¼r vierzehn Tage verbieten. Die Betroffenen haben Anspruch auf Schutz und Hilfe.",
    "Name": "Petra Baumann",
    "Position": "Nicht vorhanden",
    "Amt": "Koordinationsstelle HÃ¤usliche Gewalt und Menschenhandel",
    "Addresse": "Oberer Graben 32, 9001 St.Gallen",
    "Telefonnummer": "+41 58 229 75 43",
    "Email": "petra.baumann@sg.ch"
}