{
    "Titel": "Mikromechaniker/in EFZ",
    "Beschreibung": "Mikromechaniker/innen stellen feintechnische Einzelteile, Prototypen, Serien und Werkzeuge her und bauen sie zusammen. Sie arbeiten mit Handwerkszeug und computergesteuerten Maschinen, die sie einrichten und programmieren.<font size=\"2\"> <a href=\"https://www.berufsberatung.ch/dyn/show/1900?lang=de&idx=30&id=2904\" target=\"blank\">(Quelle: www.berufsberatung.ch)</font></a> ",
    "Name": "Nicht vorhanden",
    "Position": "Nicht vorhanden",
    "Amt": "Berufs-, Studien- und Laufbahnberatung",
    "Addresse": "",
    "Telefonnummer": "Nicht vorhanden",
    "Email": "info.berufsberatung@sg.ch"
}