{
    "Titel": "Tool Â«waldbauliche PlanungÂ»",
    "Beschreibung": "Aufgrund der KlimaverÃ¤nderungen findet eine Verschiebung der Vegetationszonen nach oben statt. Einige Baumarten verlieren und andere gewinnen an Verbreitung. Es wird eine Ãnderung der Baumartenzusammensetzungen stattfinden. Der Klimawandel schreitet in einem schnelleren Tempo voran als die natÃ¼rliche Waldentwicklung.  Die Forstwirtschaft ist bereits heute auf die kÃ¼nftigen Klimabedingungen auszurichten.",
    "Name": "Nicht vorhanden",
    "Position": "Nicht vorhanden",
    "Amt": "Nicht vorhanden",
    "Addresse": "Nicht vorhanden",
    "Telefonnummer": "Nicht vorhanden",
    "Email": "Nicht vorhanden"
}