{
    "Titel": "fide - Deutsch in der Schweiz",
    "Beschreibung": "Migrantinnen und Migranten lernen mit Â«fideÂ» die Sprachkompetenzen, die sie im Alltag brauchen, bspw. bei der Wohnungssuche, bei der Ãrztin bzw. beim Arzt oder im Kontakt mit BehÃ¶rden.",
    "Name": "Daniela Eigenmann",
    "Position": "Nicht vorhanden",
    "Amt": "Abteilung Integration und Gleichstellung",
    "Addresse": "Spisergasse 41, 9001 St.Gallen",
    "Telefonnummer": "+41 58 229 33 18",
    "Email": "daniela.eigenmann@sg.ch"
}