{
    "Titel": "Berichte Grundwasser",
    "Beschreibung": "Der vollstÃ¤ndige Katalog unserer Berichte zu Grundwassernutzung, GrundwasserqualitÃ¤t und zum Grundwasserschutz â natÃ¼rlich fÃ¼r Sie zum Herunterladen.",
    "Name": "Nicht vorhanden",
    "Position": "Nicht vorhanden",
    "Amt": "Abteilung Grundwasser",
    "Addresse": "Amt fÃ¼r Wasser und Energie, LÃ¤mmlisbrunnenstrasse 54, 9001 St.Gallen",
    "Telefonnummer": "+41 58 229 30 99",
    "Email": "info.budawe@sg.ch"
}