{
    "Titel": "Agenda",
    "Beschreibung": "Auf dieser Seite bekommen Sie Zugang zum Publikationenkalender der kantonalen Statistik. Dieser zeigt Ihnen, welche Statistikpublikationen von Akteuren der kantonalen Statistik St.Gallen auf welche Termine hin geplant sind.",
    "Name": "Nicht vorhanden",
    "Position": "Nicht vorhanden",
    "Amt": "Fachstelle fÃ¼r Statistik Kanton St.Gallen",
    "Addresse": "Davidstrasse 35, ",
    "Telefonnummer": "+41 58 229 77 77",
    "Email": "statistik@sg.ch"
}