{
    "Titel": "Ferienbewilligung fÃ¼r Schweizer Schiffe",
    "Beschreibung": "Schiffe, welche in der Schweiz zugelassen sind und ihren Standort nicht im Kanton St.Gallen haben, kÃ¶nnen vorÃ¼bergehend vom st.gallischen Ufer aus auf dem Bodensee, Walensee oder ZÃ¼richsee verwendet werden.",
    "Name": "Nicht vorhanden",
    "Position": "Nicht vorhanden",
    "Amt": "Strassenverkehrs- und Schifffahrtsamt",
    "Addresse": "Kornhaus, Postfach, 9401 Rorschach",
    "Telefonnummer": "+41 58 229 93 20",
    "Email": "info.schifffahrtsamt@sg.ch"
}