{
    "Titel": "Holzbearbeiter/in EBA",
    "Beschreibung": "Holzbearbeiter/innen verarbeiten in Holzbaubetrieben und SÃ¤gereien den Rohstoff Holz zu Halb- und Fertigfabrikaten. Sie helfen mit bei der Montage der Bauteile und sind fÃ¼r das Verpacken und Lagern der Produkte zustÃ¤ndig.<br> <font size=\"2\"> <a href=\"https://www.berufsberatung.ch/dyn/show/1900?lang=de&idx=30&id=7964\" target=\"blank\">(Quelle: www.berufsberatung.ch)</font></a> ",
    "Name": "Nicht vorhanden",
    "Position": "Nicht vorhanden",
    "Amt": "Berufs-, Studien- und Laufbahnberatung",
    "Addresse": "",
    "Telefonnummer": "Nicht vorhanden",
    "Email": "info.berufsberatung@sg.ch"
}