{
    "Titel": "GrenzÃ¼berschreitende Zusammenarbeit",
    "Beschreibung": "Immer wieder engagiert sich das Amt fÃ¼r Raumentwicklung und Geoinformation in internationalen oder interkantonalen Projekten der Raumentwicklung. Hier finden Sie Angaben und Links zu unseren aktuellen Beteiligungen.",
    "Name": "Nicht vorhanden",
    "Position": "Nicht vorhanden",
    "Amt": "Amt fÃ¼r Raumentwicklung und Geoinformation",
    "Addresse": "LÃ¤mmlisbrunnenstrasse 54, 9001 St.Gallen",
    "Telefonnummer": "+41 58 229 31 47",
    "Email": "info.budareg@sg.ch"
}