{
    "Titel": "Auf die Schnelle",
    "Beschreibung": "Sie wollen zu statistischen Informationen oder Zahlen Ã¼ber den Kanton St.Gallen, seine Wahlkreise und Gemeinden kommen, ohne sich durch viele Seiten klicken zu mÃ¼ssen. Dazu stellen wir Ihnen die drei folgenden ZugÃ¤nge bereit.",
    "Name": "Nicht vorhanden",
    "Position": "Nicht vorhanden",
    "Amt": "Fachstelle fÃ¼r Statistik Kanton St.Gallen",
    "Addresse": "Davidstrasse 35, 9001 St.Gallen",
    "Telefonnummer": "+41 58 229 77 77",
    "Email": "statistik@sg.ch"
}