{
    "Titel": "WSL-Totverbissprojekt WRG3",
    "Beschreibung": "Die VerjÃ¼ngungskontrolle 2018 ergab im westlichen Teil der Waldregion 3 eine halb so grosse VerjÃ¼ngungsdichte wie im Erhebungsgebiet in den Waldregionen 4 und 5. Unter der Leitung der WSL wird mittels KontrollzÃ¤unen untersucht, in welchem Umfang die geringe Stammzahl mit dem Verbiss durch Schalenwild zu tun hat.Andrea Kupferschmid, WSL und Thomas Brandes, RegionalfÃ¶rster Waldregion 3",
    "Name": "Thomas Brandes",
    "Position": "Forstingenieur",
    "Amt": "Waldregion 3 Sargans",
    "Addresse": "",
    "Telefonnummer": "+41 58 229 89 39",
    "Email": "thomas.brandes@sg.ch"
}