{
    "Titel": "Pflichten fÃ¼r Hersteller und HÃ¤ndler",
    "Beschreibung": "Wenn Sie Chemikalien herstellen, importieren oder damit Handel betreiben wollen, mÃ¼ssen Sie schon im Vorfeld abklÃ¤ren welche Pflichten damit verbunden sind.AbhÃ¤ngig von GefÃ¤hrlichkeit, Produktart und Verbraucherkategorie gelten unterschiedliche Vorgaben. ",
    "Name": "Nicht vorhanden",
    "Position": "Nicht vorhanden",
    "Amt": "Amt fÃ¼r Verbraucherschutz und VeterinÃ¤rwesen",
    "Addresse": "Blarerstrasse 2, 9001 St.Gallen",
    "Telefonnummer": "+41 58 229 28 00",
    "Email": "info.avsv@sg.ch"
}