{
    "Titel": "Energienachweis",
    "Beschreibung": "Die Gestaltung eines GebÃ¤udes sollte mit der Haustechnikplanung so zusammenwirken, dass dabei ein optimales Ergebnis aller energierelevanten Faktoren erreichet wird.Schon beim Baugesuch muss deshalb nachgewiesen werden, dass die energierechtlichen Anforderungen erfÃ¼llt werden.",
    "Name": "Nicht vorhanden",
    "Position": "Nicht vorhanden",
    "Amt": "Energieagentur St.Gallen GmbHneues Fenster",
    "Addresse": "Vadianstrasse 6 , 9001 St.Gallen ",
    "Telefonnummer": "+41  58 228 71 61",
    "Email": "info@energieagentur-sg.ch"
}