{
    "Titel": "Fachfrau/-mann Hotellerie-Hauswirtschaft EFZ und Praktiker/in Hotellerie-Hauswirtschaft EBA ",
    "Beschreibung": "Du hast Freude am Kontakt mit Menschen? Verrichtest du gerne hauswirtschaftliche TÃ¤tigkeiten und hast praktisches Geschick? Dann bist du bei uns genau richtig. ",
    "Name": "Nicht vorhanden",
    "Position": "Nicht vorhanden",
    "Amt": "Nachwuchsentwicklung",
    "Addresse": "Davidstrasse 35, 9001 St.Gallen",
    "Telefonnummer": "+41 58 229 33 33",
    "Email": "Kobler Reiner"
}