{
    "Titel": "Piercing, Tattoo und Permanent-Make-up",
    "Beschreibung": "FÃ¼r Anbieter von Piercings, TÃ¤towierungen, Permanent-Make-up und Ã¤hnlichen Praktiken gelten verschiedene rechtliche Vorschriften. Ausserdem sind sie verpflichtet, sich beim AVSV anzumelden.",
    "Name": "Nicht vorhanden",
    "Position": "Nicht vorhanden",
    "Amt": "Amt fÃ¼r Verbraucherschutz und VeterinÃ¤rwesen",
    "Addresse": "Blarerstrasse 2, 9001 St.Gallen",
    "Telefonnummer": "+41 58 229 28 00",
    "Email": "info.avsv@sg.ch"
}