{
    "Titel": "Akteneinsicht und FristverlÃ¤ngerung",
    "Beschreibung": "Mit dem Online Schalter kÃ¶nnen sie ihre Gesuche um Erteilung, Mutation oder VerlÃ¤ngerung einer Aufenthaltsbewilligung einreichen. Den Status zu einem eingereichten Gesuch abfragen. Gesuchs Quittung und Beilagen nachdrucken.",
    "Name": "Nicht vorhanden",
    "Position": "Nicht vorhanden",
    "Amt": "Nicht vorhanden",
    "Addresse": "",
    "Telefonnummer": "+41 58 229 10 10",
    "Email": "support@eportal.sg.ch"
}