{
    "Titel": "Klagen",
    "Beschreibung": "Im Freien dÃ¼rfen ausschliesslich natÃ¼rliche Wald-, Feld- und GartenabfÃ¤lle verbrannt werden, sofern diese genÃ¼gend trocken sind.Bei der Verbrennung darf jedoch nur wenig Rauch entstehen und das Feuer muss korrekt bewirtschaftet werden.",
    "Name": "Dominik Noger",
    "Position": "Nicht vorhanden",
    "Amt": "Amt fÃ¼r Umwelt AFU",
    "Addresse": "Dominik Noger, Leiter LuftqualitÃ¤t, LÃ¤mmlisbrunnenstrasse 54, 9001 St.Gallen",
    "Telefonnummer": "+41 58 229 21 09",
    "Email": "dominik.noger@sg.ch"
}