{
    "Titel": "Sennwald: FGS 538, Gasthaus LÃ¶wen (Agglo 28.10R) - O9.010.005.2806; Mitwirkung vom 29. Januar bis 29. Februar 2024",
    "Beschreibung": "Informationen und Unterlagen zur Mitwirkung im Projekt FGS 538, Gashaus LÃ¶wen (Agglo 28.10R) in der Gemeinde Sennwald finden Sie auf dieser Seite.",
    "Name": "Nicht vorhanden",
    "Position": "Nicht vorhanden",
    "Amt": "Tiefbauamt",
    "Addresse": "LÃ¤mmlisbrunnenstrasse 54, 9001 St.Gallen",
    "Telefonnummer": "+41 58 229 30 34",
    "Email": "info.budtba@sg.ch"
}