{
    "Titel": "Motorradmechaniker/in EFZ",
    "Beschreibung": "Motorradmechaniker/innen fÃ¼hren Wartungs-, Service- und Reparaturarbeiten an MotorrÃ¤dern aus. Sie beraten die Kundschaft und bewirtschaften das Ersatzteillager.<font size=\"2\"> <a href=\"https://www.berufsberatung.ch/dyn/show/1900?lang=de&idx=30&id=3147\" target=\"blank\">(Quelle: www.berufsberatung.ch)</font></a> ",
    "Name": "Nicht vorhanden",
    "Position": "Nicht vorhanden",
    "Amt": "Berufs-, Studien- und Laufbahnberatung",
    "Addresse": "",
    "Telefonnummer": "Nicht vorhanden",
    "Email": "info.berufsberatung@sg.ch"
}