{
    "Titel": "Informationen fÃ¼r Familien",
    "Beschreibung": "Kindern ein gesundes Aufwachsen zu ermÃ¶glichen, ist fÃ¼r Sie als MÃ¼tter und VÃ¤ter wichtig. Um die vielfÃ¤ltigen Aufgaben zu erfÃ¼llen, stehen Ihnen im Kanton St.Gallen eine Vielzahl an Ã¶ffentlichen und privaten Angeboten zur VerfÃ¼gung.",
    "Name": "Adela Civic",
    "Position": "Nicht vorhanden",
    "Amt": "Abteilung Familie und Sozialhilfe",
    "Addresse": "Spisergasse 41, 9001 St.Gallen",
    "Telefonnummer": "+41 58 229 33 18",
    "Email": "info.diafso@sg.ch"
}