{
    "Titel": "HÃ¶rsystemakustiker/in EFZ",
    "Beschreibung": "HÃ¶rsystemakustikerinnen und HÃ¶rsystemakustiker unterstÃ¼tzen und beraten Patienten mit beeintrÃ¤chtigtem HÃ¶rvermÃ¶gen. Sie stellen das genaue HÃ¶rproblem fest und fÃ¼hren Tests durch, um das Ausmass des HÃ¶rverlusts zu bestimmen. Anhand der Ergebnisse schlagen sie den Patientinnen HÃ¶rsysteme vor, die genau auf ihre BedÃ¼rfnisse zugeschnitten sind. <br><font size=\"2\"> <a href=\"https://www.berufsberatung.ch/dyn/show/1900?lang=de&idx=30&id=9841\" target=\"blank\">(Quelle: www.berufsberatung.ch)</font></a> ",
    "Name": "Nicht vorhanden",
    "Position": "Nicht vorhanden",
    "Amt": "Berufs-, Studien- und Laufbahnberatung",
    "Addresse": "",
    "Telefonnummer": "Nicht vorhanden",
    "Email": "info.berufsberatung@sg.ch"
}