{
    "Titel": "Termin FahrzeugprÃ¼fung",
    "Beschreibung": "Ihr Fahrzeug muss in einem im Strassenverkehrsgesetz geregelten Intervall auf Verkehrssicherheit und Umweltemissionen geprÃ¼ft werden. Hier finden Sie Informationen rund um das Thema PrÃ¼fungen.",
    "Name": "Nicht vorhanden",
    "Position": "Nicht vorhanden",
    "Amt": "TCS",
    "Addresse": "Kontaktstelle St.Gallen, ZÃ¼rcher Strasse 475, 9015 St.Gallen",
    "Telefonnummer": "+41 71 313 75 00",
    "Email": "dispo.stva@sg.ch"
}