{
    "Titel": "Staatswirtschaftliche Kommission",
    "Beschreibung": "Die Staatswirtschaftliche Kommission (StwK) prÃ¼ft hauptsÃ¤chlich die GeschÃ¤ftsfÃ¼hrung der Regierung, der ihr nachgeordneten BehÃ¶rden und Dienststellen, der kantonalen Fachstelle fÃ¼r Datenschutz, der selbstÃ¤ndigen Ã¶ffentlich-rechtlichen Anstalten sowie die Umsetzung der Strategie der Aussenbeziehungen und der zwischenstaatlichen Vereinbarungen. Sie befasst sich zudem mit dem Ergebnis des Regierungscontrollings und Ã¼berwacht die ErfÃ¼llung der parlamentarischen VorstÃ¶sse und AuftrÃ¤ge. Die GeschÃ¤ftsfÃ¼hrung besorgen die Parlamentsdienste.",
    "Name": "Nicht vorhanden",
    "Position": "Nicht vorhanden",
    "Amt": "Matthias Renn, GeschÃ¤ftsfÃ¼hrer",
    "Addresse": "RegierungsgebÃ¤ude, Klosterhof 3, 9001 St.Gallen",
    "Telefonnummer": "Nicht vorhanden",
    "Email": "dominik.gemperli@goldach.ch"
}