{
    "Titel": "6.1 Lehrpersonen allgemein",
    "Beschreibung": "Bitte beachten Sie, dass wir fÃ¼r die Richtigkeit und VollstÃ¤ndigkeit dieses elektronischen Angebots keine GewÃ¤hr leisten kÃ¶nnen. Rechtlich verbindlich ist einzig die Publikation im Amtlichen Schulblatt.",
    "Name": "Marcel Koller",
    "Position": "Stv. der Amtsleiterin",
    "Amt": "Amt fÃ¼r Mittelschulen",
    "Addresse": "Davidstrasse 31, 9001 St.Gallen",
    "Telefonnummer": "+41 58 229 20 85",
    "Email": "marcel.koller@sg.ch"
}