{
    "Titel": "Informationen Aufnahme von ukrainischen SchÃ¼lerinnen und SchÃ¼lern",
    "Beschreibung": "Die Kantonale Rektorenkonferenz (KRK) hat ein Factsheet mit den wichtigsten Informationen zur Aufnahme von ukrainischen SchÃ¼lerinnen und SchÃ¼lern an die st.gallischen Mittelschulen erarbeitet. ",
    "Name": "Nicht vorhanden",
    "Position": "Nicht vorhanden",
    "Amt": "Amt fÃ¼r Mittelschulen",
    "Addresse": "Davidstrasse 31, 9001 St.Gallen",
    "Telefonnummer": "+41 58 229 32 21",
    "Email": "info.bldams@sg.ch"
}