{
    "Titel": "Laufbahnplanung bei der Staatsanwaltschaft",
    "Beschreibung": "Die Laufbahnplanung der Staatsanwaltschaft St.Gallen verfolgt das Ziel, Sie im Sinne einer effektiven Karriereplanung schrittweise auszubilden und Sie dadurch zur BerufsausÃ¼bung als Staatsanwalt oder StaatsanwÃ¤ltin bzw. Jugendanwalt oder JugendanwÃ¤ltin zu befÃ¤higen.",
    "Name": "Nicht vorhanden",
    "Position": "Nicht vorhanden",
    "Amt": "Nicht vorhanden",
    "Addresse": "",
    "Telefonnummer": "Nicht vorhanden",
    "Email": "Nicht vorhanden"
}