{
    "Titel": "Fortschritt Umsetzung Energiekonzept",
    "Beschreibung": "GemÃ¤ss St.Galler Energiekonzept 2021â2030 umfasst das jÃ¤hrliche Monitoring erstens AusfÃ¼hrungen zur Erreichung der Hauptziele (Wirkungskontrolle) und zweitens dem Fortschritt der einzelnen Massnahmen (Umsetzungskontrolle).",
    "Name": "Nicht vorhanden",
    "Position": "Nicht vorhanden",
    "Amt": "Energie",
    "Addresse": "Amt fÃ¼r Wasser und Energie, LÃ¤mmlisbrunnenstrasse 54, 9001 St.Gallen",
    "Telefonnummer": "+41 58 229 30 99",
    "Email": "Nicht vorhanden"
}