{
    "Titel": "Der 1. Mai im Staatsarchiv St.Gallen, 1905ff.",
    "Beschreibung": "Im Kanton St.Gallen ist der 1. Mai kein offizieller Feiertag â gefeiert wird er trotzdem. Und das schon seit Ã¼ber 100 Jahren, wie Dokumente aus dem Bestand der Gewerkschaft Unia zeigen. Es handelt sich dabei um Publikationen der damals noch jungen Sozialdemokratischen Partei der Stadt St.Gallen und Umgebung, die 1905 und 1906 gemeinsam mit den damaligen Gewerkschaften (Arbeiterunion und Arbeiterbund) zum 1.Mai herausgegeben wurden. Beide Ausgaben beginnen unter dem Zeitungskopf jeweils mit einem Gedicht, das sowohl den FrÃ¼hling feiert, als auch den Kampf der Arbeiter um ihre Rechte befeuert.",
    "Name": "Nicht vorhanden",
    "Position": "Nicht vorhanden",
    "Amt": "Staatsarchiv Kanton St.Gallen",
    "Addresse": "RegierungsgebÃ¤ude, Klosterhof 1 , 9001 St.Gallen",
    "Telefonnummer": "+41 (0) 58 229 32 05",
    "Email": "Nicht vorhanden"
}