{
    "Titel": "MÃ¼ller/in EFZ",
    "Beschreibung": "MÃ¼ller/innen verarbeiten Getreide zu Mehl oder Tiernahrung. Sie sind zustÃ¤ndig fÃ¼r die QualitÃ¤tskontrolle, Reinigung und Lagerung der Rohstoffe sowie fÃ¼r das Mahlen, Verpacken und Versenden der Produkte. Je nach Fachrichtung arbeiten sie in einer MÃ¼hle oder in einem Mischfutterwerk.  <font size=\"2\"> <a href=\"https://www.berufsberatung.ch/dyn/show/1900?lang=de&idx=30&id=3689\" target=\"blank\">(Quelle: www.berufsberatung.ch)</font></a> ",
    "Name": "Nicht vorhanden",
    "Position": "Nicht vorhanden",
    "Amt": "Berufs-, Studien- und Laufbahnberatung",
    "Addresse": "",
    "Telefonnummer": "Nicht vorhanden",
    "Email": "info.berufsberatung@sg.ch"
}