{
    "Titel": "Tierpfleger/in EFZ",
    "Beschreibung": "Tierpfleger und Tierpflegerinnen sorgen fÃ¼r das Wohl der Tiere in Tierheimen, Hundesalons, Zuchtbetrieben, Forschungseinrichtungen oder Zoos. Im Kundenkontakt geben sie fachliche Informationen Ã¼ber Tiere weiter.  <font size=\"2\"> <a href=\"https://www.berufsberatung.ch/dyn/show/1900?lang=de&idx=30&id=3975\" target=\"blank\">(Quelle: www.berufsberatung.ch)</font></a> ",
    "Name": "Nicht vorhanden",
    "Position": "Nicht vorhanden",
    "Amt": "Berufs-, Studien- und Laufbahnberatung",
    "Addresse": "",
    "Telefonnummer": "Nicht vorhanden",
    "Email": "info.berufsberatung@sg.ch"
}