{
    "Titel": "Tourismus",
    "Beschreibung": "Der Tourismus ist ein wichtiges AushÃ¤ngeschild im Kanton St.Gallen und vermarktet die St.Galler LebensqualitÃ¤t in aller Welt. Wir unterstÃ¼tzen Projekte und Initiativen zur StÃ¤rkung des St.Galler Tourismus.",
    "Name": "Nicht vorhanden",
    "Position": "Nicht vorhanden",
    "Amt": "Thomas Keller",
    "Addresse": "Amt fÃ¼r Wirtschaft und Arbeit, Davidstrasse 35, 9001 St.Gallen",
    "Telefonnummer": "+41 58 229 59 31",
    "Email": "th.keller@sg.ch"
}