{
    "Titel": "Aussenhandel",
    "Beschreibung": "Im Jahr 2023 sind gemÃ¤ss provisorischen Zahlen aus dem Kanton St.Gallen Waren fÃ¼r 11,2 Milliarden Franken exportiert worden. Das ist ein RÃ¼ckgang um 4,0% gegenÃ¼ber dem Vorjahr.  Die Importe betrugen 9,5 Milliarden (-2,7%).",
    "Name": "Nicht vorhanden",
    "Position": "Nicht vorhanden",
    "Amt": "Fachstelle fÃ¼r Statistik Kanton St.Gallen",
    "Addresse": "Davidstrasse 35, ",
    "Telefonnummer": "+41 58 229 77 77",
    "Email": "statistik@sg.ch"
}