{
    "Titel": "Internationale Bodensee-Konferenz (IBK)",
    "Beschreibung": "Die Internationale Bodensee Konferenz (IBK) ist das politische Dach der grenzÃ¼berschreitenden Zusammenarbeit der Regierungen der MitgliedslÃ¤nder und -kantone. Die Regierung unterstÃ¼tzt die FÃ¶rderung des Bodenseeraums und die Bestrebungen, diesen als attraktiven Lebens-, Natur-, Kultur- und Wirtschaftsraum zu erhalten. ",
    "Name": "Nicht vorhanden",
    "Position": "Nicht vorhanden",
    "Amt": "Koordinationsstelle fÃ¼r Aussenbeziehungen",
    "Addresse": "RegierungsgebÃ¤ude , Klosterhof 3, 9000 St.Gallen",
    "Telefonnummer": "+41 58 229 32 18",
    "Email": "sarah.hauser@sg.ch"
}