{
    "Titel": "Praktiker/in Reinigungstechnik EBA",
    "Beschreibung": "Praktikerinnen und Praktiker Reinigungstechnik reinigen zum Beispiel BÃ¼ros, Wohnungen, Busse, ZÃ¼ge und Schiffe. Unter der Verantwortung von Fachleuten Reinigungstechnik reinigen sie zum Beispiel WÃ¤nde, Fenster, Duschen und WCs. Die Berufsleute helfen auch mit, BÃ¶den und WÃ¤nde zu wachsen und zu Ã¶len.<font size=\"2\"> <a href=\"https://www.berufsberatung.ch/dyn/show/1900?lang=de&idx=30&id=7965\" target=\"blank\">(Quelle: www.berufsberatung.ch)</font></a> ",
    "Name": "Nicht vorhanden",
    "Position": "Nicht vorhanden",
    "Amt": "Berufs-, Studien- und Laufbahnberatung",
    "Addresse": "",
    "Telefonnummer": "Nicht vorhanden",
    "Email": "info.berufsberatung@sg.ch"
}