{
    "Titel": "KaufmÃ¤nnische Lehrstellen",
    "Beschreibung": "Das Amt fÃ¼r Handelsregister und Notariate bietet Interessentinnen und Interessenten mit den notwendigen schulischen Qualifikationen Lehrstellen als Kaufmann/-frau Ãffentliche Verwaltung (EFZ), erweiterte Grundbildung (Profile E bzw. M mit Berufsmatura) an. Die Ausbildung dauert drei Jahre.",
    "Name": "Clemens Meisterhans",
    "Position": "Dr.iur.",
    "Amt": "Amt fÃ¼r Handelsregister und Notariate",
    "Addresse": "Davidstrasse 27, 9001 St.Gallen",
    "Telefonnummer": "+41 58 229 37 24",
    "Email": "info.afhn@sg.ch"
}