{
    "Titel": "Liste der betriebenen Versicherten",
    "Beschreibung": "Der Kanton St.Gallen fÃ¼hrte vom 1. Januar 2015 bis zum 30. November 2021 eine Liste fÃ¼r betriebene Versicherte mit AusstÃ¤nden der obligatorischen Krankenpflegeversicherung (OKP). Mit dem XI. Nachtrag zum kantonalen EinfÃ¼hrungsgesetz zur Bundesgesetzgebung Ã¼ber die Krankenversicherung (sGS 331.11; abgekÃ¼rzt EG-KVG) wurden die Bestimmungen zur FÃ¼hrung der Liste und zur Leistungssistierung auf den 1. Dezember 2021 ersatzlos aufgehoben.",
    "Name": "Nicht vorhanden",
    "Position": "Nicht vorhanden",
    "Amt": "Gesundheitsdepartement",
    "Addresse": "Oberer Graben 32, 9001 St.Gallen",
    "Telefonnummer": "+41 58 229 35 90",
    "Email": "info.gesundheitsversorgung@sg.ch"
}