{
    "Titel": "Gaiserwald: BehiG, Haltestelle Abtwil Ausserdorf 1 - O9.010.008.9001; Mitwirkung vom 21. MÃ¤rz bis 21. April 2022",
    "Beschreibung": "Informationen und Unterlagen zur Mitwirkung im Projekt Â«BehiG, Haltestelle Abtwil Ausserdorf 1Â» in der Gemeinde Gaiserwald finden Sie auf dieser Seite.",
    "Name": "Nicht vorhanden",
    "Position": "Nicht vorhanden",
    "Amt": "Tiefbauamt",
    "Addresse": "LÃ¤mmlisbrunnenstrasse 54, 9001 St.Gallen",
    "Telefonnummer": "+41 58 229 30 34",
    "Email": "info.budtba@sg.ch"
}