{
    "Titel": "Rechtsabteilung",
    "Beschreibung": "Die Rechtsabteilung ist eine Organisationseinheit des Generalsekretariats und bearbeitet Rechtsmittelverfahren im Bau-, Planungs-, Umwelt- und Strassenrecht sowie Einspracheverfahren bei Kantonsstrassenprojekten, ist in der Gesetzgebung und Rechtsberatung tÃ¤tig.",
    "Name": "Niklaus Eichbaum",
    "Position": "Dr.iur.",
    "Amt": "Rechtsabteilung",
    "Addresse": "LÃ¤mmlisbrunnenstrasse 54, 9001 St.Gallen",
    "Telefonnummer": "+41 58 229 30 13",
    "Email": "niklaus.eichbaum@sg.ch"
}