{
    "Titel": "Gleisbauer/in EFZ",
    "Beschreibung": "Gleisbauer/innen EFZ befassen sich mit dem Bau und Unterhalt von Gleisanlagen, fÃ¼hren Reparaturarbeiten aus und sind fÃ¼r die Pflege der Gleisumgebung zustÃ¤ndig. <font size=\"2\"> <a href=\"https://www.berufsberatung.ch/dyn/show/1900?lang=de&idx=30&id=3017\" target=\"blank\">(Quelle: www.berufsberatung.ch)</font></a> ",
    "Name": "Nicht vorhanden",
    "Position": "Nicht vorhanden",
    "Amt": "Berufs-, Studien- und Laufbahnberatung",
    "Addresse": "",
    "Telefonnummer": "Nicht vorhanden",
    "Email": "info.berufsberatung@sg.ch"
}