{
    "Titel": "SanitÃ¤rinstallateur/in EFZ",
    "Beschreibung": "SanitÃ¤rinstallateure und -installateurinnen sind Fachleute fÃ¼r die Montage von Wasser-, Erdgas- und Abwasseranlagen in Neu- und Umbauten. Sie installieren auch sanitÃ¤re Apparate und fÃ¼hren Wartungs- und Servicearbeiten aus. <font size=\"2\"> <a href=\"https://www.berufsberatung.ch/dyn/show/1900?lang=de&idx=30&id=2914\" target=\"blank\">(Quelle: www.berufsberatung.ch)</font></a> ",
    "Name": "Nicht vorhanden",
    "Position": "Nicht vorhanden",
    "Amt": "Berufs-, Studien- und Laufbahnberatung",
    "Addresse": "",
    "Telefonnummer": "Nicht vorhanden",
    "Email": "info.berufsberatung@sg.ch"
}