{
    "Titel": "Sprache, Kultur, Medien und Sport",
    "Beschreibung": "Albanisch, Englisch und Serbisch/Kroatisch sind die hÃ¤ufigsten nicht-deutschen Sprachen, welche in der BevÃ¶lkerung des Kantons St.Gallen gesprochen werden. ++ 2021 wurden im Rahmen der KulturfÃ¶rderung 77 Institutionen mit insgesamt 26 Mio. Franken unterstÃ¼tzt. Aus dem Lotteriefonds flossen insgesamt 6 Mio. Franken an 81 kulturelle Projekte. ++ Die Kantonsbibliothek Vadiana registrierte im Jahr 2021 gut 140'000 Besuche. ++  Rund 25 Prozent der BevÃ¶lkerung ab 15 Jahren sind konfessionslos. ++ Ãber zwei Drittel der St.Galler BevÃ¶lkerung treiben mindestens einmal wÃ¶chentlich Sport. ",
    "Name": "Nicht vorhanden",
    "Position": "Nicht vorhanden",
    "Amt": "Fachstelle fÃ¼r Statistik Kanton St.Gallen",
    "Addresse": "Davidstrasse 35, ",
    "Telefonnummer": "+41 58 229 77 77",
    "Email": "statistik@sg.ch"
}