{
    "Titel": "Joint Medical Master",
    "Beschreibung": "Der Joint Medical Master ist ein neues, zukunftsgerichtetes Humanmedizin-Studium der UniversitÃ¤ten St.Gallen und ZÃ¼rich unter Mitwirkung des Kantonsspitals St.Gallen (KSSG) und des UniversitÃ¤tsspitals ZÃ¼rich. ",
    "Name": "Nicht vorhanden",
    "Position": "Nicht vorhanden",
    "Amt": "Gesundheitsdepartement",
    "Addresse": "Oberer Graben 32, 9001 St.Gallen",
    "Telefonnummer": "+41 58 229 35 70",
    "Email": "info.gdgs@sg.ch"
}