{
    "Titel": "Mit Gesamtschweiz vergleichen",
    "Beschreibung": "Die untenstehende Liste vergleicht den Kanton St.Gallen, seine Wahlkreise und Gemeinden (ab einer Einwohnerzahl von 8000*) mit der Gesamtschweiz anhand von 140 statistischen Kennzahlen. Bei jeder Kennzahl ist der Unterschied zur Gesamtschweiz notiert. Eine Grafik dazu steht Ihnen in der Statistikdatenbank STADA2 zur VerfÃ¼gung. Dazu was ein tieferer oder hÃ¶herer Wert bedeutet, gibt Ihnen die Beschreibung wie die Kennzahl berechnet wurde, Hinweise. Sie finden diese in STADA2. Wie ein Unterschied gegenÃ¼ber dem schweizerischen Durchschnitt zu beuteilen ist, liegt vollstÃ¤ndig in Ihrem Ermessen.",
    "Name": "Nicht vorhanden",
    "Position": "Nicht vorhanden",
    "Amt": "Fachstelle fÃ¼r Statistik Kanton St.Gallen",
    "Addresse": "Davidstrasse 35, 9001 St.Gallen",
    "Telefonnummer": "+41 58 229 77 77",
    "Email": "statistik@sg.ch"
}