{
    "Titel": "Fotomedienfachmann / Fotomedienfachfrau EFZ",
    "Beschreibung": "Fotomedienfachleute EFZ arbeiten in Fotomedienbetrieben. Sie erstellen Foto- und Filmaufnahmen, verarbeiten und gestalten fotografische Daten und beraten die Kundschaft zu Kameras und anderen Produkten. <font size=\"2\"> <a href=\"https://www.berufsberatung.ch/dyn/show/1900?lang=de&idx=30&id=5605\" target=\"blank\">(Quelle: www.berufsberatung.ch)</font></a> ",
    "Name": "Nicht vorhanden",
    "Position": "Nicht vorhanden",
    "Amt": "Berufs-, Studien- und Laufbahnberatung",
    "Addresse": "",
    "Telefonnummer": "Nicht vorhanden",
    "Email": "info.berufsberatung@sg.ch"
}