{
    "Titel": "Architekturmodellbauer/in EFZ",
    "Beschreibung": "Architekturmodellbauer/innen fertigen in der Werkstatt anhand von PlÃ¤nen massstabgetreue Modelle von GebÃ¤uden und InnenrÃ¤umen, Siedlungsgebieten und Parkanlagen sowie Industrie- und Designprodukten. <font size=\"2\"> <a href=\"https://www.berufsberatung.ch/dyn/show/1900?lang=de&idx=30&id=2906\" target=\"blank\">(Quelle: www.berufsberatung.ch)</font></a>   ",
    "Name": "Nicht vorhanden",
    "Position": "Nicht vorhanden",
    "Amt": "Berufs-, Studien- und Laufbahnberatung",
    "Addresse": "",
    "Telefonnummer": "Nicht vorhanden",
    "Email": "info.berufsberatung@sg.ch"
}