{
    "Titel": "S-Bahn Kanton St.Gallen",
    "Beschreibung": "Am 9. Dezember 2013 startete der Betrieb der S-Bahn St.Gallen. 23 Linien in alle sieben Ostschweizer Kantone verbinden regionale Knoten im systematischen Halbstundentakt und stellen in den Knoten auch AnschlÃ¼sse auf Busse und Fernverkehr her. ",
    "Name": "Nicht vorhanden",
    "Position": "Nicht vorhanden",
    "Amt": "Amt fÃ¼r Ã¶ffentlichen Verkehr",
    "Addresse": "Davidstrasse 35, 9001 St.Gallen",
    "Telefonnummer": "+41 58 229 34 88",
    "Email": "aoev@sg.ch"
}