{
    "Titel": "Regierung",
    "Beschreibung": "Die Regierung ist die leitende BehÃ¶rde und ausfÃ¼hrende Gewalt des Kantons. Sie besteht aus sieben Mitgliedern, die die St.Galler StimmbevÃ¶lkerung nach dem Mehrheitsverfahren fÃ¼r eine Amtszeit von vier Jahren wÃ¤hlt. ",
    "Name": "Nicht vorhanden",
    "Position": "Nicht vorhanden",
    "Amt": "Kantonale Verwaltung",
    "Addresse": "RegierungsgebÃ¤ude, 9001 St.Gallen",
    "Telefonnummer": "+41 58 229 31 11",
    "Email": "info@sg.ch"
}