{
    "Titel": "Diepoldsau: Gehweg Widenstrasse bis Meisenweg - B20.1.041.022; Mitwirkung vom 3. April bis 3. Mai 2023",
    "Beschreibung": "Informationen und Unterlagen zur Mitwirkung im Projekt Gehweg Widenstrasse bis Meisenweg in der Gemeinde Diepoldsau finden Sie auf dieser Seite.",
    "Name": "Nicht vorhanden",
    "Position": "Nicht vorhanden",
    "Amt": "Tiefbauamt",
    "Addresse": "LÃ¤mmlisbrunnenstrasse 54, 9001 St.Gallen",
    "Telefonnummer": "+41 58 229 30 34",
    "Email": "info.budtba@sg.ch"
}