{
    "Titel": "\"FrÃ¤ulein Weber\" und die freisinnige Frauengruppe St.Gallen â Pionierinnen auf dem steinigen Weg zum Frauenstimmrecht",
    "Beschreibung": "Mit der Annahme des eidgenÃ¶ssischen Frauenstimmrechts in der Volksabstimmung vom 7. Februar 1971 fand (zumindest auf Bundesebene) das jahrzehntelange Ringen um die staatsbÃ¼rgerliche Gleichstellung der Schweizer Frauen seinen erfolgreichen Abschluss. Auf die politischen Parteien wartete indessen ein ganz neues StÃ¼ck Arbeit: Auf einen Schlag wollte ein ganzes Segment potentieller NeuwÃ¤hlerinnen in die politische Arbeit eingebunden und zuvorderst fÃ¼r die anstehenden Nationalratswahlen vom 31. Oktober 1971 mobilisiert und umworben werden.",
    "Name": "Nicht vorhanden",
    "Position": "Nicht vorhanden",
    "Amt": "Staatsarchiv Kanton St.Gallen",
    "Addresse": "RegierungsgebÃ¤ude, Klosterhof 1 , 9001 St.Gallen",
    "Telefonnummer": "+41 (0) 58 229 32 05",
    "Email": "Nicht vorhanden"
}