{
    "Titel": "Tiefe Geothermie",
    "Beschreibung": "Im Erdkern herrschen Temperaturen von 4800 bis 7700Â°C. Bereits in rund vier Kilometer Tiefe werden bei uns vielerorts Temperaturen von Ã¼ber 100Â°C erreicht. Diese CO2-neutrale Energieform eignet sich sowohl zur Gewinnung von WÃ¤rme wie auch von elektrischer Energie.",
    "Name": "Nicht vorhanden",
    "Position": "Nicht vorhanden",
    "Amt": "Abteilung Grundwasser",
    "Addresse": "Amt fÃ¼r Wasser und Energie, LÃ¤mmlisbrunnenstrasse 54, 9001 St.Gallen",
    "Telefonnummer": "+41 58 229 30 99",
    "Email": "info.budawe@sg.ch"
}