{
    "Titel": "Grundlagen zum Richtplan",
    "Beschreibung": "FÃ¼r den Richtplan liess das Amt fÃ¼r Raumentwicklung und Geoinformation verschiedene Studien erarbeiten. Obwohl ihre Ergebnisse teilweise im Richtplan Niederschlag gefunden haben, geben die folgenden Berichte lediglich die Auffassung der Verfasser wieder.",
    "Name": "Nicht vorhanden",
    "Position": "Nicht vorhanden",
    "Amt": "Kantonale Planung",
    "Addresse": "LÃ¤mmlisbrunnenstrasse 54, 9001 St.Gallen",
    "Telefonnummer": "+41 58 229 31 47",
    "Email": "kp.budareg@sg.ch"
}