{
    "Titel": "Weitere Sport- und Bewegungsangebote fÃ¼r Erwachsene",
    "Beschreibung": "Im Kanton St.Gallen gibt es viele MÃ¶glichkeiten sich zu Bewegung und Sport zu betreiben. Einige Angebote werden gefÃ¼hrt und von Institutionen organisiert, andere hingegen stehen das ganze Jahr zur VerfÃ¼gung. Die untenstehende Auflistung ist eine Auswahl und nicht abschliessend. ",
    "Name": "Nicht vorhanden",
    "Position": "Nicht vorhanden",
    "Amt": "Amt fÃ¼r Sport",
    "Addresse": "Davidstrasse 31, 9001 St.Gallen",
    "Telefonnummer": "+41 58 229 39 28",
    "Email": "ueli.grunder@sg.ch"
}