{
    "Titel": "AnlagenfÃ¼hrer/in EFZ",
    "Beschreibung": "AnlagenfÃ¼hrer und AnlagenfÃ¼hrerinnen bedienen und Ã¼berwachen Produktions- und Verpackungsanlagen in Industriebetrieben. Sie beheben Pannen und StÃ¶rungen oder fÃ¼hren kleinere Reparaturen an den Maschinen durch.<font size=\"2\"> <a href=\"https://www.berufsberatung.ch/dyn/show/1900?lang=de&idx=30&id=7670\" target=\"blank\">(Quelle: www.berufsberatung.ch)</font></a> ",
    "Name": "Nicht vorhanden",
    "Position": "Nicht vorhanden",
    "Amt": "Berufs-, Studien- und Laufbahnberatung",
    "Addresse": "",
    "Telefonnummer": "Nicht vorhanden",
    "Email": "info.berufsberatung@sg.ch"
}