{
    "Titel": "Landwirtschaftliche Kreditgenossenschaft",
    "Beschreibung": "Wir unterstÃ¼tzen St.Galler Landwirtinnen und Landwirte sowie landwirtschaftsnahe Organisationen bei Investitions- und Finanzierungsfragen. Den Rahmen bildet die eidgenÃ¶ssische und kantonale Gesetzgebung.",
    "Name": "Nicht vorhanden",
    "Position": "Nicht vorhanden",
    "Amt": "Landwirtschaftliche BÃ¼rgschaftsgenossenschaft des Kantons St.Gallen (LBG)",
    "Addresse": "",
    "Telefonnummer": "Nicht vorhanden",
    "Email": "Nicht vorhanden"
}