{
    "Titel": "Chemikalien in Haus und Garten",
    "Beschreibung": "Mit Chemikalien kommen wir tÃ¤glich in BerÃ¼hrung. WÃ¤hrend ein WC-Reiniger schnell als Chemikalie erkannt wird, wird beim GeschirrspÃ¼l- oder Waschmittel kaum mehr daran gedacht. Das Leben und die Gesundheit des Menschen vor schÃ¤dlichen Einwirkungen durch Chemikalien zu schÃ¼tzen ist der Zweck des Chemikaliengesetzes.",
    "Name": "Nicht vorhanden",
    "Position": "Nicht vorhanden",
    "Amt": "Amt fÃ¼r Verbraucherschutz und VeterinÃ¤rwesen",
    "Addresse": "Blarerstrasse 2, 9001 St.Gallen",
    "Telefonnummer": "+41 58 229 28 00",
    "Email": "info.avsv@sg.ch"
}