{
    "Titel": "Zeichnerin EFZ/ Zeichner EFZ, Fachrichtung Ingenieurbau",
    "Beschreibung": "Hast du Freude am Zeichnen und ein gutes rÃ¤umliches VorstellungsvermÃ¶gen? GehÃ¶rt PrÃ¤zises und exaktes Arbeiten zu deinen StÃ¤rken? Bist du ein Teamplayer? Hast du Freude an Mathematik und Geometrie? Dann bist du bei uns genau richtig.",
    "Name": "Nicht vorhanden",
    "Position": "Nicht vorhanden",
    "Amt": "Nachwuchsentwicklung",
    "Addresse": "Davidstrasse 35, 9001 St.Gallen",
    "Telefonnummer": "+41 58 229 33 33",
    "Email": "Felix Sonderegger"
}