{
    "Titel": "Energierecht und Vollzug",
    "Beschreibung": "Die Gemeinden sind in den allermeisten FÃ¤llen verantwortlich, dass die Energiegesetze befolgt und eingehalten werden. Der Kanton ist nur fÃ¼r den Vollzug einiger weniger Vorschriften des Energiegesetzes zustÃ¤ndig.",
    "Name": "Nicht vorhanden",
    "Position": "Nicht vorhanden",
    "Amt": "Energie",
    "Addresse": "Amt fÃ¼r Wasser und Energie, LÃ¤mmlisbrunnenstrasse 54, 9001 St.Gallen ",
    "Telefonnummer": "+41 58 229 30 99",
    "Email": "info.awe@sg.ch"
}