{
    "Titel": "Registrierung von Tieren und Tierhaltungen",
    "Beschreibung": "FÃ¼r gewisse Tiere gilt in der Schweiz eine gesetzliche Registrierungspflicht. Je nach Tierart sind verschiedene Stellen fÃ¼r die Erfassung der Daten zustÃ¤ndig.",
    "Name": "Nicht vorhanden",
    "Position": "Nicht vorhanden",
    "Amt": "Amt fÃ¼r Verbraucherschutz und VeterinÃ¤rwesen",
    "Addresse": "Blarerstrasse 2, 9001 St.Gallen",
    "Telefonnummer": "+41 58 229 28 00",
    "Email": "info.avsv@sg.ch"
}