{
    "Titel": "Steueramt",
    "Beschreibung": "Die Finanzierung der staatlichen Leistungen durch Steuern orientiert sich an den Prinzipien der Allgemeinheit, GleichmÃ¤ssigkeit, VerhÃ¤ltnismÃ¤ssigkeit und der wirtschaftlichen LeistungsfÃ¤higkeit. Der Kanton St.Gallen soll handlungsfÃ¤hig sein. Dies bedeutet, dass die eigenen AufwÃ¤ndungen aus eigenen finanziellen Mitteln bestritten werden kÃ¶nnen. ",
    "Name": "Felix Sager",
    "Position": "Dr. iur., Steuerexperte",
    "Amt": "Kantonales Steueramt",
    "Addresse": "Davidstrasse 41, 9001 St. Gallen",
    "Telefonnummer": "+41 58 229 41 21",
    "Email": "ksta.dienste@sg.ch"
}