{
    "Titel": "Vereinbarkeit",
    "Beschreibung": "Die Vereinbarkeit von Beruf und Familie ist fÃ¼r die Gleichstellung der Geschlechter wichtig. MÃ¤nner Ã¼bernehmen Anteile der Hausarbeit, Frauen fordern gleichberechtigten Zugang zur Arbeitswelt.",
    "Name": "Rahel Fenini",
    "Position": "Nicht vorhanden",
    "Amt": "Abteilung Integration und Gleichstellung",
    "Addresse": "Spisergasse 41, 9001 St.Gallen",
    "Telefonnummer": "+41 58 229 33 18",
    "Email": "gleichstellung@sg.ch"
}