{
    "Titel": "Die allgemeine MilitÃ¤rdienstpflicht in KÃ¼rze",
    "Beschreibung": "Sie finden hier eine KurzÃ¼bersicht Ã¼ber die allgemeine MilitÃ¤rdienstpflicht gemÃ¤ss Art. 58 und Art. 59. der Bundesverfassung der Schweizerischen Eidgenossenschaft. ",
    "Name": "Nicht vorhanden",
    "Position": "Nicht vorhanden",
    "Amt": "Amt fÃ¼r MilitÃ¤r und Zivilschutz",
    "Addresse": "Burgstrasse 50, 9000 St. Gallen",
    "Telefonnummer": "+41 58 229 71 11",
    "Email": "kreiskommando@sg.ch"
}