{
    "Titel": "Publikationen",
    "Beschreibung": "Hier finden Sie sÃ¤mtliche Publikationen zu Themen des Amts fÃ¼r Wirtschaft und Arbeit. Dazu zÃ¤hlen Medienmitteilungen, unser zweimal jÃ¤hrlich erscheinendes Magazin \"wirtschaft+arbeit\" sowie das Konjunkturbarometer. ",
    "Name": "Adrian Schumacher",
    "Position": "Nicht vorhanden",
    "Amt": "Amt fÃ¼r Wirtschaft und Arbeit",
    "Addresse": "Unterstrasse 22, 9001 St.Gallen",
    "Telefonnummer": "+41 58 229 01 62",
    "Email": "adrian.schumacher@sg.ch"
}