{
    "Titel": "Weinbau",
    "Beschreibung": "Die Weinbaugebiete im Kanton St. Gallen erstrecken sich hauptsÃ¤chlich entlang der steilen SÃ¼dhÃ¤nge des Rheintals und Sarganserlandes. Am oberen ZÃ¼richsee zwischen Rapperswil-Jona und Uznach sowie in Wil-Bronschhofen im FÃ¼rstenland wachsen die Rebkulturen mitten im urbanen Raum.",
    "Name": "Simone Aberer",
    "Position": "Nicht vorhanden",
    "Amt": "Fachstelle Weinbau",
    "Addresse": "Landwirtschaftliches Zentrum SG, Rheinhofstrasse 11, 9465 Salez",
    "Telefonnummer": "+41 58 228 24 28",
    "Email": "simone.aberer@sg.ch"
}