{
    "Titel": "Steinmetz/in EFZ",
    "Beschreibung": "Steinmetze und Steinmetzinnen bearbeiten und verarbeiten Naturstein. Daraus stellen sie Bauteile fÃ¼r alte und neue GebÃ¤ude wie Gesimse, Bogen und Pfeiler her. Sie renovieren auch Steinbauten.<font size=\"2\"> <a href=\"https://www.berufsberatung.ch/dyn/show/1900?id=3789\" target=\"blank\">(Quelle: www.berufsberatung.ch)</font></a>   ",
    "Name": "Nicht vorhanden",
    "Position": "Nicht vorhanden",
    "Amt": "Berufs-, Studien- und Laufbahnberatung",
    "Addresse": "",
    "Telefonnummer": "Nicht vorhanden",
    "Email": "info.berufsberatung@sg.ch"
}