{
    "Titel": "Kirchberg: LÃ¤rmsanierungsprojekt Kirchberg, Abschnitte 73.2 und 73.4 Umfahrung Bazenheid - B73.7.073.005; Mitwirkung vom 20. November bis 20. Dezember 2023",
    "Beschreibung": "Informationen und Unterlagen zur Mitwirkung im Projekt LÃ¤rmsanierungsprojekt Kirchberg, Abschnitte 73.2  und 73.4 Umfahrung Bazenheid in der Gemeinde Kirchberg finden Sie auf dieser Seite.",
    "Name": "Nicht vorhanden",
    "Position": "Nicht vorhanden",
    "Amt": "Tiefbauamt",
    "Addresse": "LÃ¤mmlisbrunnenstrasse 54, 9001 St.Gallen",
    "Telefonnummer": "+41 58 229 30 34",
    "Email": "info.budtba@sg.ch"
}