{
    "Titel": "GrundsÃ¤tzliches",
    "Beschreibung": "Das Â«Rahmenkonzept BerufswahlÂ» unterstÃ¼tzt die SchultrÃ¤ger der Volksschule dabei, ihr lokales oder regionales Berufswahlkonzept zu erstellen, wie es im Lehrplan Volksschule empfohlen wird. Im Zentrum stehen dabei die Jugendlichen und ihre individuelle Berufs- und Schulwahl. Verantwortlich fÃ¼r den erfolgreichen Einstieg in die Arbeitswelt oder in eine weiterfÃ¼hrende Schule sind die SchÃ¼lerinnen und SchÃ¼ler sowie ihre Erziehungsberechtigten.",
    "Name": "Nicht vorhanden",
    "Position": "Nicht vorhanden",
    "Amt": "Amt fÃ¼r Volksschule",
    "Addresse": "Davidstrasse 31, 9000 St.Gallen",
    "Telefonnummer": "+41 58 229 24 82",
    "Email": "avs@sg.ch"
}