{
    "Titel": "Bewilligungen Psychologieberufe",
    "Beschreibung": "Wer in eigener fachlicher Verantwortung als Psychotherapeutin/Psychotherapeut oder als Klinische Psychologin/Klinischer Psychologe tÃ¤tig ist, braucht eine BerufsausÃ¼bungsbewilligung des Gesundheitsdepartementes. Die TÃ¤tigkeit darf erst nach Erhalt der BerufsausÃ¼bungsbewilligung (BAB) aufgenommen werden.",
    "Name": "Nicht vorhanden",
    "Position": "Nicht vorhanden",
    "Amt": "Gesundheitsdepartement",
    "Addresse": "Oberer Graben 32, 9001 St.Gallen",
    "Telefonnummer": "+41 58 229 35 79",
    "Email": "info.gdrd@sg.ch"
}