{
    "Titel": "Kitesurfen",
    "Beschreibung": "Das Drachensegeln (Kitesurfen) ist auf dem st.gallischen Teil des Bodensees sowie des ZÃ¼richsees und des ZÃ¼rich-Obersees verboten. Auf dem Walensee ist das Kitesurfen mit Ausnahme der gesperrten WasserflÃ¤chen erlaubt.",
    "Name": "Nicht vorhanden",
    "Position": "Nicht vorhanden",
    "Amt": "Strassenverkehrs- und Schifffahrtsamt",
    "Addresse": "Kornhaus, Postfach, 9401 Rorschach",
    "Telefonnummer": "+41 58 229 93 20",
    "Email": "info.schifffahrtsamt@sg.ch"
}