{
    "Titel": "Glasmaler/in EFZ",
    "Beschreibung": "Glasmaler/innen gestalten und reparieren Glasmalereien und Kunstverglasungen. Dabei verbinden sie prÃ¤zise Handarbeit mit gestalterischen FÃ¤higkeiten. Sie restaurieren auch historische Glasmalereien. <font size=\"2\"> <a href=\"https://www.berufsberatung.ch/dyn/show/1900?lang=de&idx=30&id=4045\" target=\"blank\">(Quelle: www.berufsberatung.ch)</font></a>  ",
    "Name": "Nicht vorhanden",
    "Position": "Nicht vorhanden",
    "Amt": "Berufs-, Studien- und Laufbahnberatung",
    "Addresse": "",
    "Telefonnummer": "Nicht vorhanden",
    "Email": "info.berufsberatung@sg.ch"
}