{
    "Titel": "Sport- und Freizeitanlagen",
    "Beschreibung": "Die Versorgung der Gemeinden mit Sportanlagen kann Ã¼ber das ganze Kantonsgebiet als gut bezeichnet werden. Betreiber von Anlagen und Hallen sind aufgefordert, diese mÃ¶glichst lange offen zu halten und frei zur VerfÃ¼gung zu stellen. Das Amt fÃ¼r Sport fÃ¼hrt eine Ãbersichtsliste der Sportanlagen des Kantons St.Gallen.",
    "Name": "Nicht vorhanden",
    "Position": "Nicht vorhanden",
    "Amt": "Amt fÃ¼r Sport",
    "Addresse": "Davidstrasse 31, 9001 St.Gallen",
    "Telefonnummer": "+41 58 229 39 26",
    "Email": "sport@sg.ch"
}