{
    "Titel": "NachlÃ¤sse und Archive",
    "Beschreibung": "Die Kantonsbibliothek hÃ¼tet rund 120 PersonennachlÃ¤sse, Archive von Vereinen und anderen Institutionen sowie Brief- und Autographensammlungen. Ausserdem betreut Sie gegen 60 NachlÃ¤sse der Vadianischen Sammlung.",
    "Name": "Nicht vorhanden",
    "Position": "Nicht vorhanden",
    "Amt": "Nicht vorhanden",
    "Addresse": "Kantonsbibliothek Vadiana - Spezialabteilungen, Notkerstrasse 22, 9000 St.Gallen",
    "Telefonnummer": "+41 58 229 38 00",
    "Email": "kb.rara@sg.ch"
}