{
    "Titel": "Quellensteuer",
    "Beschreibung": "Quellensteuer wird vom Schuldner der steuerbaren Leistung (z. B. Arbeitgeber oder anderen Institutionen) von der steuerbaren Leistung (z. B. Bruttolohn, ErsatzeinkÃ¼nfte etc.) einbehalten und an das Kantonale Steueramt Ã¼berwiesen. Quellensteuerpflichtig sind GrenzgÃ¤nger und auslÃ¤ndische Arbeitnehmende mit steuerrechtlichem Wohnsitz oder Aufenthalt in der Schweiz, sofern sie keine Niederlassungsbewilligung C haben und nicht mit einer Person mit Schweizer BÃ¼rgerrecht oder Niederlassungsbewilligung C verheiratet sind. ",
    "Name": "Nicht vorhanden",
    "Position": "Nicht vorhanden",
    "Amt": "Wenden Sie sich an das fÃ¼r Sie zustÃ¤ndige Gemeindesteueramt:",
    "Addresse": "",
    "Telefonnummer": "+41 58 229 41 31",
    "Email": "ksta.jurp@sg.ch"
}