{
    "Titel": "Standorte",
    "Beschreibung": "Auf der zoombaren Karte sehen Sie die einzelnen Standorte der Berufs- und Laufbahnberatungen, die jeweiligen Ãffnungszeiten sowie die Kontaktdaten. Die Studien- und Laufbahnberatung ist fÃ¼r den ganzen Kanton zustÃ¤ndig.",
    "Name": "Nicht vorhanden",
    "Position": "Nicht vorhanden",
    "Amt": "Berufs-, Studien- und Laufbahnberatung",
    "Addresse": "Teufenerstrasse 1/3, 9001 St.Gallen",
    "Telefonnummer": "+41 58 229 72 11",
    "Email": "info.blbstgallen@sg.ch"
}