{
    "Titel": "Bewilligung und Aufsicht",
    "Beschreibung": "Im Kanton St.Gallen bietet eine Vielzahl von meist privaten TrÃ¤gerschaften unterschiedliche Formen von Angeboten an, die sich an erwachsene Menschen mit Behinderung richten. Diese bieten Menschen mit Behinderung UnterstÃ¼tzung in ihrer selbstbestimmten LebensfÃ¼hrung, gesellschaftlichen Teilhabe und individuellen LebensqualitÃ¤t.",
    "Name": "Nicht vorhanden",
    "Position": "Nicht vorhanden",
    "Amt": "Abteilung Behinderung",
    "Addresse": "Spisergasse 41, 9001 St.Gallen",
    "Telefonnummer": "+41 58 229 33 18",
    "Email": "info.diafso@sg.ch"
}