{
    "Titel": "Bauten im Wald",
    "Beschreibung": "Nichtforstliche Kleinbauten und âanlagen beanspruchen den Waldboden nur punktuell und beeintrÃ¤chtigen das BestandesgefÃ¼ge des Waldes nicht. Sie kÃ¶nnen mit einer forstrechtlichen Zustimmung/Bewilligung ermÃ¶glicht werden.",
    "Name": "Nicht vorhanden",
    "Position": "Nicht vorhanden",
    "Amt": "Maurizio Veneziani Kantonsforstamt",
    "Addresse": "",
    "Telefonnummer": "Nicht vorhanden",
    "Email": "Nicht vorhanden"
}