{
    "Titel": "Bildungsmonitoring",
    "Beschreibung": "Der Bedarf nach Daten- und Kostentransparenz im Staat ist in letzter Zeit gestiegen. Auch im Bildungsbereich werden Leistungsmessungen durchgefÃ¼hrt und Publikationen verÃ¶ffentlicht, um die Leistungen und Aufwendungen des Bildungswesen transparent zu erfassen und zu beschreiben. ",
    "Name": "Simon Appenzeller",
    "Position": "Nicht vorhanden",
    "Amt": "Schule und Unterricht",
    "Addresse": "",
    "Telefonnummer": "+41 58 229 32 00",
    "Email": "simon.appenzeller@sg.ch"
}