{
    "Titel": "Gipser/in-Trockenbauer/in EFZ",
    "Beschreibung": "Gipser/innen-Trockenbauer/innen verputzen WÃ¤nde, Decken und Aussenfassaden von GebÃ¤uden. Sie erstellen aus Gipsplatten Deckenverkleidungen und ZwischenwÃ¤nde, bringen DÃ¤mmungen an und verzieren RÃ¤ume mit Stuckaturen. <font size=\"2\"> <a href=\"https://www.berufsberatung.ch/dyn/show/1900?lang=de&idx=30&id=2930\" target=\"blank\">(Quelle: www.berufsberatung.ch)</font></a> ",
    "Name": "Nicht vorhanden",
    "Position": "Nicht vorhanden",
    "Amt": "Berufs-, Studien- und Laufbahnberatung",
    "Addresse": "",
    "Telefonnummer": "Nicht vorhanden",
    "Email": "info.berufsberatung@sg.ch"
}