{
    "Titel": "Klima und Wetter im Kanton St.Gallen beobachten",
    "Beschreibung": "Die Auswirkungen des Klimawandels sind bereits heute spÃ¼rbar. Die Folgen des Klimawandels mÃ¼ssen laufend beobachtet und entsprechende Massnahmen ergriffen werden. Grundlage fÃ¼r zahlreiche Entscheidungen in der Verwaltung sind Messdaten der OberflÃ¤chengewÃ¤sser, des Grundwassers und gefallener Niederschlagsmengen. ",
    "Name": "Nicht vorhanden",
    "Position": "Nicht vorhanden",
    "Amt": "Nicht vorhanden",
    "Addresse": "Nicht vorhanden",
    "Telefonnummer": "Nicht vorhanden",
    "Email": "Nicht vorhanden"
}