{
    "Titel": "Geografie und Umwelt",
    "Beschreibung": "Der Kanton St.Gallen liegt im DreilÃ¤ndereck.Er grenzt an die 3 LÃ¤nder Deutschlandund Ãsterreich und Liechtenstein.Und wie sieht der Kanton St.Gallen aus?Es gibt verschiedene Landschaften.Es gibt Berge und TÃ¤ler.Und es gibt Seen und Ebenen.",
    "Name": "Nicht vorhanden",
    "Position": "Nicht vorhanden",
    "Amt": "Kantonale Verwaltung",
    "Addresse": "RegierungsgebÃ¤ude, 9001 St.Gallen",
    "Telefonnummer": "+41 58 229 31 11",
    "Email": "info@sg.ch"
}