{
    "Titel": "Personelles Handelsgericht",
    "Beschreibung": "Das Handelsgericht tagt in der Besetzung von zwei Kantonsrichtern (PrÃ¤sident des Handelsgerichts und VizeprÃ¤sident) und drei Handelsrichtern. Die Handelsrichter werden vom Kantonsrat gewÃ¤hlt. Sie sind nebenamtlich tÃ¤tig und bringen dank ihrer beruflichen Praxis besondere Fachkenntnisse aus ihrer Wirtschaftsbranche mit.",
    "Name": "Nicht vorhanden",
    "Position": "Nicht vorhanden",
    "Amt": "Kantonsgericht",
    "Addresse": "Klosterhof 1, 9001 St.Gallen ",
    "Telefonnummer": "+41 58 229 32 41",
    "Email": "Nicht vorhanden"
}