{
    "Titel": "Podologe/Podologin EFZ",
    "Beschreibung": "Podologinnen und Podologen EFZ kÃ¼mmern sich um die Fusspflege von Menschen aller Altersgruppen. Sie behandeln vor allem die Haut und die NÃ¤gel. Damit machen sie das Tragen von Schuhen angenehmer und verbessern das Gehen und die Bewegungsfunktion. Unter der Aufsicht von Podologinnen und Podologen HF kÃ¶nnen sich die Berufsleute auch um Risikopatienten kÃ¼mmern, zum Beispiel um Diabetikerinnen. <font size=\"2\"> <a href=\"https://www.berufsberatung.ch/dyn/show/1900?lang=de&idx=30&id=3829\" target=\"blank\">(Quelle: www.berufsberatung.ch)</font></a> ",
    "Name": "Nicht vorhanden",
    "Position": "Nicht vorhanden",
    "Amt": "Berufs-, Studien- und Laufbahnberatung",
    "Addresse": "",
    "Telefonnummer": "Nicht vorhanden",
    "Email": "info.berufsberatung@sg.ch"
}