{
    "Titel": "Kulturkonferenz 2022",
    "Beschreibung": "Damit die KulturfÃ¶rderung lebendig und aktuell bleibt, pflegen wir den Austausch mit Kulturinstitutionen und Kulturschaffenden auch mit Veranstaltungen. Unter anderem lÃ¤dt das Amt fÃ¼r Kultur jÃ¤hrlich zur Kulturkonferenz an wechselnden Orten ein und stellt kultur- und fÃ¶rderpolitische Themen zur Diskussion.",
    "Name": "Nicht vorhanden",
    "Position": "Nicht vorhanden",
    "Amt": "KulturfÃ¶rderung",
    "Addresse": "St. Leonhard-Strasse 40, 9001 St.Gallen ",
    "Telefonnummer": "+41 58 229 21 50",
    "Email": "kultur@sg.ch"
}