{
    "Titel": "Import und Export von Lebensmitteln und GebrauchsgegenstÃ¤nden",
    "Beschreibung": "FÃ¼r den Import und Export  sind die Informationen des Bundesamtes fÃ¼r Lebensmittelsicherheit und VeterinÃ¤rwesen (BLV) zu beachten.",
    "Name": "Nicht vorhanden",
    "Position": "Nicht vorhanden",
    "Amt": "Amt fÃ¼r Verbraucherschutz und VeterinÃ¤rwesen",
    "Addresse": "Blarerstrasse 2, 9001 St.Gallen",
    "Telefonnummer": "+41 58 229 28 00",
    "Email": "info.avsv@sg.ch"
}