{
    "Titel": "Impfen",
    "Beschreibung": "Impfungen kÃ¶nnen verschiedene Infektionskrankheiten mit gefÃ¤hrlichen Auswirkungen und deren Ausbreitung verhindern.Die Impfempfehlungen im Kanton St.Gallen beruhen auf dem Schweizerischen Impfplan, der regelmÃ¤ssig von Expertinnen und Experten Ã¼berprÃ¼ft und angepasst wird. ",
    "Name": "Nicht vorhanden",
    "Position": "Nicht vorhanden",
    "Amt": "Gesundheitsdepartement",
    "Addresse": "Oberer Graben 32, 9001 St.Gallen",
    "Telefonnummer": "+41 58 229 43 82",
    "Email": "info.gesundheitsvorsorge@sg.ch"
}