{
    "Titel": "Hinweise zum Administrativverfahren",
    "Beschreibung": "Nach Widerhandlungen gegen die Strassenverkehrsvorschriften wird je nach Schwere des Verschuldens und insbesondere der GefÃ¤hrdung der Lernfahr- oder FÃ¼hrerausweis entzogen oder eine Verwarnung ausgesprochen. Sie haben aufgrund einer Widerhandlung gegen Strassenverkehrsvorschriften ein Schreiben (rechtliches GehÃ¶r) von uns erhalten, wonach eine Administrativmassnahme gemÃ¤ss dem Strassenverkehrsgesetz (SR 741.01; abgekÃ¼rzt SVG) geprÃ¼ft wird. Nachfolgend erhalten Sie weitere wertvolle Hinweise zum Administrativverfahren.",
    "Name": "Nicht vorhanden",
    "Position": "Nicht vorhanden",
    "Amt": "Strassenverkehrs- und Schifffahrtsamt",
    "Addresse": "Frongartenstrasse 5, 9001 St.Gallen",
    "Telefonnummer": "+41 58 229 22 22",
    "Email": "info.stva@sg.ch"
}