{
    "Titel": "Klimawandel und -anpassung im DACH+ Raum",
    "Beschreibung": "Der Klimawandel ist da â wie kann oder muss die Raumplanung handeln? Was sind ihre Erfordernisse und Instrumente? Die Thematik Klimawandel und Anpassung an die Folgen wird in der DACH+ Region nun in einem grenzÃ¼berschreitenden Projekt bearbeitet.",
    "Name": "Nicht vorhanden",
    "Position": "Nicht vorhanden",
    "Amt": "Amt fÃ¼r Raumentwicklung und Geoinformation",
    "Addresse": "LÃ¤mmlisbrunnenstrasse 54, 9001 St.Gallen",
    "Telefonnummer": "+41 58 229 31 47",
    "Email": "info.budareg@sg.ch"
}