{
    "Titel": "Ortsbildschutz und Verdichtung",
    "Beschreibung": "Die Arbeitshilfe Â«Ortsbildschutz und VerdichtungÂ» zeigt, dass sich die Schutzinteressen des Inventars der schÃ¼tzenswerten Ortsbilder der Schweiz (ISOS) und die der Verdichtung nicht ausschliessen. Doch mÃ¼ssen die Gemeinden einen geplanten Neubau gegen wertvolle Altbauten abwÃ¤gen. Die Arbeitshilfe erklÃ¤rt, wie das geht. Fallbeispiele und Empfehlungen helfen, mÃ¶gliche Konflikte zwischen Verdichtung und Ortsbildschutz frÃ¼hzeitig zu erkennen und anzugehen.",
    "Name": "Nicht vorhanden",
    "Position": "Nicht vorhanden",
    "Amt": "Ortsplanung",
    "Addresse": "LÃ¤mmlisbrunnenstrasse 54, 9001 St.Gallen",
    "Telefonnummer": "+41 58 229 31 47",
    "Email": "info.budareg@sg.ch"
}